"# 1eV threshold, exponential background, T=3 kg.yr, N_int=80, M=500"
"# pseudo-data: Gaussian N(N_i, sqrt(N_i)) around the Asimov expectation of the best fit"
# all chi2 values below are divided by 1e4
# chi2/1e4 of the best fit to the real data = 4.646069e-12
"# chi2_bkg_fixed   : h_i, b_i held at nominal"
"# chi2_bkg_varied  : B_i = h_i+b_i drawn from N(B_i, sqrt(B_i)), same pseudo-data (same seed)"
replica,chi2_bkg_fixed,chi2_bkg_varied
0,7.0397429401e-04,1.4249374372e-03
1,1.5813518511e-03,2.5097948708e-03
2,1.8390336050e-03,2.7850392520e-03
3,2.3884524313e-03,2.9579560902e-03
4,2.3199555027e-03,2.3921130992e-03
5,1.8069990815e-03,4.6433043031e-03
6,2.5720758028e-03,5.1324161342e-03
7,1.8996054374e-03,4.8144679414e-03
8,2.8016156843e-03,5.3696899876e-03
9,2.0002585591e-03,3.0339012702e-03
10,3.5158510708e-03,4.5894782803e-03
11,9.9235273012e-04,3.1311925172e-03
12,1.9915147650e-03,3.1984093778e-03
13,2.2637930693e-03,3.0445826436e-03
14,2.1851462435e-03,3.9308826333e-03
15,1.4168431772e-03,2.1012951684e-03
16,2.4377919865e-03,4.5142012434e-03
17,2.4167787524e-03,6.2930758786e-03
18,1.8951919894e-03,4.9749299739e-03
19,2.3932992130e-03,3.5148323766e-03
20,1.5205982585e-03,3.8398982478e-03
21,2.5843953823e-03,5.8042788712e-03
22,1.9256118619e-03,3.1015029384e-03
23,2.2432846650e-03,3.5953661448e-03
24,1.2661702738e-03,3.3072809460e-03
25,8.4493088024e-04,2.0330157863e-03
26,2.7902134194e-03,4.1895324206e-03
27,2.6435266011e-03,3.5617088474e-03
28,1.4028920442e-03,3.6362316723e-03
29,2.1551443085e-03,3.6977833333e-03
30,1.3432193501e-03,3.2854544538e-03
31,1.0106076405e-03,1.9520833097e-03
32,2.4165627184e-03,3.3918029364e-03
33,1.6589052829e-03,3.7726376759e-03
34,1.7106592395e-03,2.0246851726e-03
35,1.4536741335e-03,2.9519129758e-03
36,1.6230753569e-03,3.3667875115e-03
37,1.3415024649e-03,2.8023034907e-03
38,1.6559072756e-03,5.2193448234e-03
39,2.3617428519e-03,5.1486242938e-03
40,2.2298811396e-03,3.5729504062e-03
41,2.9628712091e-03,4.9854152412e-03
42,2.1130994517e-03,3.1524534392e-03
43,2.4710728205e-03,5.1619302534e-03
44,1.5518953330e-03,2.5697988693e-03
45,1.5395327009e-03,5.2830898011e-03
46,2.1722745257e-03,4.3402715372e-03
47,2.3509599804e-03,5.1790199990e-03
48,1.7809340951e-03,3.9342915924e-03
49,1.4789657323e-03,4.6031103798e-03
50,1.6420429201e-03,3.2542186380e-03
51,2.5118588235e-03,3.8732293991e-03
52,1.6124327071e-03,3.1376721153e-03
53,1.8886468526e-03,4.1006502963e-03
54,1.8869113144e-03,2.8809507685e-03
55,2.2885641191e-03,5.9569556522e-03
56,2.4952575230e-03,5.3359237527e-03
57,9.0876107381e-04,2.0452968698e-03
58,1.9767387310e-03,2.5560860005e-03
59,1.4910827650e-03,3.0829598962e-03
60,2.0690999776e-03,3.7804696732e-03
61,2.6372163002e-03,6.3181594846e-03
62,2.0016447605e-03,4.0548579892e-03
63,2.1987036845e-03,3.7147257810e-03
64,1.2587562505e-03,3.0256512576e-03
65,2.2719648048e-03,6.8316483827e-03
66,2.6476173296e-03,3.1153428971e-03
67,2.6384498358e-03,3.8576308811e-03
68,1.5533846189e-03,4.5217735230e-03
69,2.9709602723e-03,5.3697153427e-03
70,1.7698007095e-03,2.8596854734e-03
71,2.4468698329e-03,4.5241580796e-03
72,1.8506274623e-03,4.2806779314e-03
73,1.9275770497e-03,4.5274424025e-03
74,1.4665313999e-03,2.3958915454e-03
75,1.9451732789e-03,4.6147609049e-03
76,1.1720757701e-03,2.2249296096e-03
77,2.6994219430e-03,2.8890554296e-03
78,2.2811640281e-03,3.5766714717e-03
79,1.6670714649e-03,3.1604504685e-03
80,3.8509105570e-03,5.5589397731e-03
81,2.1266478381e-03,2.8266150477e-03
82,2.6642882638e-03,3.3109392456e-03
83,1.6566578084e-03,2.4248459425e-03
84,1.7530798692e-03,2.7348853428e-03
85,2.4893698828e-03,3.5434013742e-03
86,2.9278311282e-03,6.1398899923e-03
87,1.5332271611e-03,4.9377056946e-03
88,1.4375923189e-03,3.1418956522e-03
89,2.5648863390e-03,4.8778707023e-03
90,2.2326581998e-03,2.5187871973e-03
91,2.0326022643e-03,4.4671724630e-03
92,7.1470912078e-04,1.6405890200e-03
93,2.9619048165e-03,3.0717569374e-03
94,2.5974763216e-03,3.1775844600e-03
95,1.9355693719e-03,2.9705632726e-03
96,2.6698629453e-03,4.5005492600e-03
97,1.1591211078e-03,4.9831211263e-03
98,2.6879635524e-03,4.6361566337e-03
99,2.6018752662e-03,4.2866073069e-03
100,3.0466027489e-03,6.3343020179e-03
101,1.3516030014e-03,2.7506928271e-03
102,1.8977665776e-03,3.9219839797e-03
103,1.5576400431e-03,3.4849625784e-03
104,1.8642966117e-03,3.3934848541e-03
105,2.3497812619e-03,4.6968455503e-03
106,9.3727054354e-04,1.5659589395e-03
107,1.6096152665e-03,4.3997184390e-03
108,1.6860354829e-03,2.7240935612e-03
109,1.0956541599e-03,1.9267526419e-03
110,1.8610639849e-03,3.8362177006e-03
111,2.0712676470e-03,4.9756129821e-03
112,1.9334086553e-03,2.8573714998e-03
113,3.3997526331e-03,5.5061924345e-03
114,4.8461860855e-03,4.7568431658e-03
115,2.7695534280e-03,4.1754872609e-03
116,1.3652628476e-03,4.5985843259e-03
117,1.0461100376e-03,2.8298938006e-03
118,2.3618093973e-03,2.6745234036e-03
119,4.3958465872e-03,5.2385852337e-03
120,2.0777088431e-03,3.0398230841e-03
121,1.9391873942e-03,3.9796135685e-03
122,3.6018699708e-03,6.8854854481e-03
123,1.8366665890e-03,3.0445648434e-03
124,1.5726837972e-03,2.8004012526e-03
125,4.1225449823e-03,8.0515802610e-03
126,1.4401435937e-03,2.2994892849e-03
127,1.9457160863e-03,3.8218981362e-03
128,2.6433381767e-03,5.9531797019e-03
129,3.5298472442e-03,4.1763465729e-03
130,1.4063729267e-03,2.3235386280e-03
131,1.7952509660e-03,1.7915737512e-03
132,1.9059507909e-03,2.9413968195e-03
133,2.2759532029e-03,3.5828387771e-03
134,2.6411906934e-03,3.4584706957e-03
135,1.4400867194e-03,3.1113163008e-03
136,2.8710873898e-03,3.3368452881e-03
137,1.1904620955e-03,2.8690569366e-03
138,1.4603461449e-03,2.8185107679e-03
139,1.3638975454e-03,4.3383342968e-03
140,2.0477501806e-03,5.0237177430e-03
141,2.7213258775e-03,5.4915946233e-03
142,2.5829605505e-03,4.0847609541e-03
143,3.8902211842e-03,6.1991335709e-03
144,2.7788807361e-03,4.5032531189e-03
145,2.9074455559e-03,3.5028008427e-03
146,2.6639115145e-03,3.6849302914e-03
147,2.2202999226e-03,5.6082913434e-03
148,3.3488845264e-03,6.9979938334e-03
149,1.8228973473e-03,3.8407362283e-03
150,2.1113583653e-03,3.6321688090e-03
151,2.0921292359e-03,5.4661795282e-03
152,2.5038142263e-03,4.8100520918e-03
153,2.3320720864e-03,5.2644611385e-03
154,3.1305080342e-03,5.3992185753e-03
155,1.0705595359e-03,2.9556230079e-03
156,2.4449415669e-03,3.2492226133e-03
157,2.2101687872e-03,3.8036106449e-03
158,8.6403783583e-04,2.8731742179e-03
159,1.9781618991e-03,2.2213488727e-03
160,2.3252698540e-03,5.3331210738e-03
161,1.7356291564e-03,4.2177296971e-03
162,2.9836180363e-03,5.3972549281e-03
163,1.9363475958e-03,3.8476805562e-03
164,2.4826061524e-03,3.5915775696e-03
165,1.8588068403e-03,4.1591272958e-03
166,1.8967706448e-03,5.8869988138e-03
167,1.7132437055e-03,3.3955165013e-03
168,2.0392563966e-03,4.1181320210e-03
169,1.7949746061e-03,3.9411319172e-03
170,2.6491370880e-03,4.0282696636e-03
171,2.5500000981e-03,3.3362764308e-03
172,1.3243050307e-03,3.1613175783e-03
173,2.1108458272e-03,3.4780485963e-03
174,1.3726581267e-03,3.6276812331e-03
175,1.8855933979e-03,2.6482113967e-03
176,2.1604731305e-03,5.5961653795e-03
177,2.2210022010e-03,3.4940935274e-03
178,1.9255685649e-03,6.0348649451e-03
179,1.8396814948e-03,4.6485091278e-03
180,1.6366714699e-03,4.2455857702e-03
181,2.3215290951e-03,4.2645733061e-03
182,1.8871156983e-03,3.5713913463e-03
183,2.2091293823e-03,4.6165743768e-03
184,2.3820623991e-03,3.9792673428e-03
185,2.2175935923e-03,4.1396226660e-03
186,3.2153862675e-03,5.3045131659e-03
187,1.2488044780e-03,3.2523030534e-03
188,2.6112364996e-03,5.4571983325e-03
189,1.3814036975e-03,3.1450713168e-03
190,1.3872799495e-03,1.9845860115e-03
191,2.6885112051e-03,3.4700392469e-03
192,7.2054952201e-04,2.3515332949e-03
193,2.1994697889e-03,5.1175481522e-03
194,1.1263803304e-03,4.3598485510e-03
195,2.0738900830e-03,3.4324209885e-03
196,2.4110253522e-03,4.4675287367e-03
197,1.5455762057e-03,3.2827940973e-03
198,3.1955184548e-03,6.4089125663e-03
199,9.6504167167e-04,3.0098537395e-03
200,3.1777413059e-03,3.7685709817e-03
201,2.3368634527e-03,3.9036926342e-03
202,2.6459134605e-03,2.9867594242e-03
203,9.3771282110e-04,2.4362987553e-03
204,3.3126445575e-03,5.2241145661e-03
205,9.3690414401e-04,2.2956253391e-03
206,9.3212661860e-04,2.3454307359e-03
207,1.5599173513e-03,3.2885606861e-03
208,1.0915001157e-03,2.1468187982e-03
209,1.7003406480e-03,3.3117725427e-03
210,2.6337354608e-03,5.3595652223e-03
211,1.3548663256e-03,8.9770753388e-04
212,2.0716998525e-03,5.5562713514e-03
213,2.4973554604e-03,5.8141801147e-03
214,2.4272106928e-03,2.9193324669e-03
215,3.2523641040e-03,5.4955207607e-03
216,2.8836588201e-03,6.3213358491e-03
217,4.6343954019e-03,6.5603345849e-03
218,3.6153728619e-03,4.4416641152e-03
219,2.4855097400e-03,2.8896716538e-03
220,2.2572860261e-03,3.8218299441e-03
221,3.8876179318e-03,3.7200098428e-03
222,1.6473206998e-03,5.0364696142e-03
223,2.2552233423e-03,5.2439587305e-03
224,1.9920973319e-03,2.6409255277e-03
225,2.4751901520e-03,5.6388648364e-03
226,2.2078705510e-03,1.8979627118e-03
227,1.9423560112e-03,4.7517329903e-03
228,2.6748590118e-03,4.9971288950e-03
229,1.3977987185e-03,2.1756427621e-03
230,1.9979938859e-03,3.3880011485e-03
231,1.4954093756e-03,2.3655406896e-03
232,2.2314915809e-03,3.2271461883e-03
233,2.0983751347e-03,3.6005938819e-03
234,1.9553880416e-03,4.2763502034e-03
235,2.1040032650e-03,4.0496934678e-03
236,1.9929583760e-03,2.4787953644e-03
237,1.9307372799e-03,4.3715124020e-03
238,1.5441859079e-03,3.2469687671e-03
239,3.2272233041e-03,4.5849264503e-03
240,2.2860816372e-03,4.5762961142e-03
241,2.6987598058e-03,4.5520308353e-03
242,1.4136640573e-03,1.7367083173e-03
243,2.3221432292e-03,5.0841009427e-03
244,1.2331111432e-03,2.7712785628e-03
245,1.1413207642e-03,2.8348333872e-03
246,2.0010728356e-03,3.3360494316e-03
247,2.0474493797e-03,3.2383215419e-03
248,1.4772567567e-03,1.6303629289e-03
249,1.5278963447e-03,2.7952587296e-03
250,2.8549261969e-03,4.3279897972e-03
251,3.1403993338e-03,5.4192731035e-03
252,2.5179237952e-03,4.8932883422e-03
253,1.4519842192e-03,2.3642064455e-03
254,2.3843825342e-03,3.9684484367e-03
255,2.3457591840e-03,2.9263506966e-03
256,2.5973673638e-03,5.4266467466e-03
257,2.9788149953e-03,4.6016205784e-03
258,1.3053014897e-03,2.7910673915e-03
259,1.1831406386e-03,2.0010558852e-03
260,3.0668894861e-03,5.2078555490e-03
261,1.3618530749e-03,1.8437588437e-03
262,2.5129752118e-03,5.4221458928e-03
263,2.7922547691e-03,4.5280531156e-03
264,1.7112123921e-03,4.5855016522e-03
265,1.7774301147e-03,2.6257729562e-03
266,2.3046983783e-03,3.6067887488e-03
267,1.9640863600e-03,4.3322487286e-03
268,3.1668877799e-03,5.9000537876e-03
269,1.3981828179e-03,2.4259054973e-03
270,2.0991295800e-03,3.2673167703e-03
271,1.1692360738e-03,3.9217620386e-03
272,2.4119461139e-03,3.7982212463e-03
273,1.1482956442e-03,3.4164754475e-03
274,2.4643381222e-03,3.8979173974e-03
275,1.9257031370e-03,4.1248819758e-03
276,2.8308731117e-03,3.5531856932e-03
277,1.9782851748e-03,4.2688255162e-03
278,1.7353970095e-03,2.8655208354e-03
279,3.0098038987e-03,4.3279475953e-03
280,2.4116914958e-03,3.7436626212e-03
281,2.4716240946e-03,5.8042757531e-03
282,1.9082728367e-03,4.6702183114e-03
283,1.7654961570e-03,2.0932881052e-03
284,1.5686045651e-03,3.0644897023e-03
285,1.5998989190e-03,2.6330316129e-03
286,2.1854913727e-03,3.6882862991e-03
287,7.6984718779e-04,3.0544416576e-03
288,1.0123127093e-03,3.0287315206e-03
289,1.9855432140e-03,3.7349100863e-03
290,1.7749822649e-03,4.2182671579e-03
291,1.3414103376e-03,2.6634127215e-03
292,3.0421978997e-03,6.1621668722e-03
293,1.8706313189e-03,3.3617105118e-03
294,3.2967092019e-03,6.7997898784e-03
295,1.9802039703e-03,4.1091964754e-03
296,1.8783164339e-03,4.3043732157e-03
297,2.4932802999e-03,5.8119545294e-03
298,1.4400438995e-03,2.6074190348e-03
299,2.4311503940e-03,4.2552948461e-03
300,2.0150420585e-03,3.2473609593e-03
301,1.6437746303e-03,2.8862737013e-03
302,1.7707211120e-03,4.1129486433e-03
303,2.0844749488e-03,3.4785637568e-03
304,2.5334082703e-03,3.8571865017e-03
305,1.6250260153e-03,1.5624783866e-03
306,2.3422522093e-03,4.7832710179e-03
307,1.6942842081e-03,3.4916625228e-03
308,2.4417054978e-03,6.7680548579e-03
309,1.1538830626e-03,3.3756183898e-03
310,1.9894780744e-03,4.4662863324e-03
311,1.3479800350e-03,2.8354682783e-03
312,8.7032865101e-04,2.3944456718e-03
313,2.6452736615e-03,5.1025942077e-03
314,1.7964328018e-03,3.8021587398e-03
315,2.3057964580e-03,3.9888596592e-03
316,1.2660835378e-03,2.1224921180e-03
317,1.5353947123e-03,4.3209904725e-03
318,2.0514166841e-03,3.3478373338e-03
319,2.2625443058e-03,5.0195915598e-03
320,1.5771593050e-03,3.5251599249e-03
321,2.3056108499e-03,4.1522966174e-03
322,2.6929208815e-03,3.9587464821e-03
323,1.3624556612e-03,5.2636216905e-03
324,1.4990288896e-03,2.5096171858e-03
325,2.1598471222e-03,4.3844939948e-03
326,1.2850287816e-03,2.8288879436e-03
327,2.2291077298e-03,6.3744058327e-03
328,1.1336047517e-03,3.6611695213e-03
329,2.3008519965e-03,2.2876410645e-03
330,3.2367892549e-03,7.1859240497e-03
331,1.6756806601e-03,3.9539990882e-03
332,2.8864507569e-03,3.9778227310e-03
333,1.2681527140e-03,2.8596651844e-03
334,3.0092972283e-03,4.1544923312e-03
335,9.5548579531e-04,2.7324285419e-03
336,2.8708620275e-03,5.8366596151e-03
337,1.8840252560e-03,3.4407934004e-03
338,2.8630472301e-03,3.9582922502e-03
339,2.0072861758e-03,3.4779788590e-03
340,2.4276087026e-03,3.2727655825e-03
341,1.6180520240e-03,2.2634768657e-03
342,2.7084051440e-03,4.6895006972e-03
343,1.4299771351e-03,1.7868062359e-03
344,2.3681066149e-03,3.0131342082e-03
345,1.8179875255e-03,2.5718897041e-03
346,2.2549023623e-03,2.9626831111e-03
347,3.3897881408e-03,5.2624318001e-03
348,2.4985327285e-03,3.5158888783e-03
349,2.4366954358e-03,3.2224171971e-03
350,2.2973170996e-03,5.0983206934e-03
351,2.4380526989e-03,3.3944546445e-03
352,2.8950952267e-03,5.1931589133e-03
353,2.3743221814e-03,4.4929000075e-03
354,3.0041266527e-03,6.1838330746e-03
355,1.5616252119e-03,4.7052003528e-03
356,2.2934449746e-03,4.4850957492e-03
357,2.5028860623e-03,4.3039094934e-03
358,2.2926827627e-03,3.8475030831e-03
359,1.3247712778e-03,3.0620184321e-03
360,9.2527799684e-04,3.4446001455e-03
361,1.1598337605e-03,2.8270773185e-03
362,2.4527858797e-03,3.6635141684e-03
363,1.7398092075e-03,2.5382046919e-03
364,1.6489768362e-03,2.9505395442e-03
365,2.1887392304e-03,4.2971153872e-03
366,2.2475680049e-03,4.0746828281e-03
367,1.8567860879e-03,4.2553396530e-03
368,2.3618245806e-03,3.6628398420e-03
369,1.7990683860e-03,3.7168609934e-03
370,2.1639476206e-03,5.5327456582e-03
371,1.7606111901e-03,4.5543938216e-03
372,2.2462368497e-03,5.8244805138e-03
373,1.7252427031e-03,3.3423962753e-03
374,1.5163843174e-03,4.5627899606e-03
375,1.5351896958e-03,4.9922628373e-03
376,1.2044837685e-03,2.9184846966e-03
377,1.1646673913e-03,2.1544553236e-03
378,2.1380211764e-03,4.8737069641e-03
379,2.6999202196e-03,5.4509117570e-03
380,2.7909401854e-03,5.0002513668e-03
381,1.9116668496e-03,4.8776364213e-03
382,1.7775792383e-03,1.9989482708e-03
383,1.6854420584e-03,2.6726748127e-03
384,2.4100308673e-03,3.7445825732e-03
385,2.4268712087e-03,4.3801377729e-03
386,2.0501884598e-03,4.3531453400e-03
387,2.5670509621e-03,4.2345651562e-03
388,1.8151023095e-03,2.6192832914e-03
389,1.1516857458e-03,1.9525247712e-03
390,1.4059529661e-03,2.6354882077e-03
391,2.4558831442e-03,4.7460486388e-03
392,1.7393860182e-03,2.7975721856e-03
393,1.6666351049e-03,3.7585741394e-03
394,2.1090120131e-03,2.8451493524e-03
395,2.8600894495e-03,5.6264126904e-03
396,2.1725913435e-03,2.8984318886e-03
397,2.7943315654e-03,4.8902552534e-03
398,2.3446073765e-03,2.2504479113e-03
399,1.4709886534e-03,4.1934287635e-03
400,1.1344018609e-03,3.8658969698e-03
401,3.7812989831e-03,7.1809666028e-03
402,2.9947736042e-03,4.2370529294e-03
403,2.4729756624e-03,4.4251410711e-03
404,1.4923199079e-03,4.2189915830e-03
405,1.7976988512e-03,3.4208020566e-03
406,1.2866338376e-03,2.6182341863e-03
407,1.7405125117e-03,4.0522252565e-03
408,1.3700240215e-03,4.3399061963e-03
409,1.7927263562e-03,2.4594781960e-03
410,2.0374968455e-03,4.5597283458e-03
411,2.0537256623e-03,3.2578864874e-03
412,1.2434743168e-03,3.5428305478e-03
413,1.1734344395e-03,3.9459612757e-03
414,2.1412868983e-03,4.2321554987e-03
415,2.7626409153e-03,5.4687910224e-03
416,2.4358584834e-03,3.6751278310e-03
417,2.2927000787e-03,3.9760260940e-03
418,1.8648647634e-03,4.0334975585e-03
419,2.7138325163e-03,3.7403000691e-03
420,1.6201324634e-03,2.9590553354e-03
421,3.0341722496e-03,2.6592320472e-03
422,2.8632671759e-03,6.2916839020e-03
423,1.7999936392e-03,3.3267444509e-03
424,1.9020924922e-03,4.4180211520e-03
425,1.7866601445e-03,4.1143176051e-03
426,1.5425760481e-03,2.8817000228e-03
427,1.8545079342e-03,3.5497320176e-03
428,1.7738517582e-03,5.3413325447e-03
429,2.0914039565e-03,4.0992760967e-03
430,2.0204504674e-03,3.6979636167e-03
431,1.5410664540e-03,5.1060271283e-03
432,1.2851871487e-03,4.7793285337e-03
433,1.7342732581e-03,2.8772696795e-03
434,3.2385267136e-03,4.6870681034e-03
435,1.1002466348e-03,4.2145540911e-03
436,2.3505994690e-03,3.8230136296e-03
437,2.0930338714e-03,3.4419229648e-03
438,1.3722084116e-03,3.3559924083e-03
439,1.7894781534e-03,4.0832021745e-03
440,1.7972163722e-03,3.6332973550e-03
441,1.5594220288e-03,3.0472445557e-03
442,2.1225040141e-03,4.7162942172e-03
443,1.0410861537e-03,3.8338116027e-03
444,2.3581452092e-03,6.1832013930e-03
445,1.6046223525e-03,3.4867656174e-03
446,1.7160862649e-03,2.9122044808e-03
447,9.9102493296e-04,2.9352986614e-03
448,2.2501411716e-03,6.0421700239e-03
449,1.6530753352e-03,4.0647361529e-03
450,1.5488732994e-03,3.2220565941e-03
451,9.4007357662e-04,3.2561351545e-03
452,2.4551296587e-03,3.5016653043e-03
453,1.5958026119e-03,3.2977435502e-03
454,3.0897085612e-03,5.8756359475e-03
455,1.3006107324e-03,2.2807170539e-03
456,2.2450901515e-03,5.0399017241e-03
457,2.7838845114e-03,5.9693070106e-03
458,2.8884996701e-03,4.1512339799e-03
459,2.3989905940e-03,4.7683497811e-03
460,2.1306410164e-03,4.7422862878e-03
461,1.9345985417e-03,5.7927066023e-03
462,2.2114765059e-03,2.7152515771e-03
463,2.2342228209e-03,5.6201044989e-03
464,1.8285073663e-03,3.2092642337e-03
465,1.8767591313e-03,1.7542360039e-03
466,3.0339216349e-03,4.2584196554e-03
467,1.8103180046e-03,3.1043310829e-03
468,1.4650349969e-03,3.7433180785e-03
469,1.7911062165e-03,3.2044329342e-03
470,1.9525555126e-03,6.1719954608e-03
471,2.6128684176e-03,4.9110590572e-03
472,1.8509239495e-03,3.6262650066e-03
473,1.1417047095e-03,2.7069769250e-03
474,1.3842699672e-03,2.5143903002e-03
475,1.0396623627e-03,2.4591484691e-03
476,1.5147779261e-03,3.3855883211e-03
477,1.7411746617e-03,2.8545851274e-03
478,2.3693814492e-03,2.9692880205e-03
479,1.0270737882e-03,2.0186308585e-03
480,1.9569729848e-03,4.2426480766e-03
481,1.8180368902e-03,6.3747498552e-03
482,1.8292360023e-03,2.9869676205e-03
483,1.7597411702e-03,2.9658637297e-03
484,2.1255791305e-03,3.7269349105e-03
485,1.9082775031e-03,6.2501136918e-03
486,2.3348520469e-03,3.4316940483e-03
487,1.5556663548e-03,2.6497054862e-03
488,2.1645376210e-03,5.1110458013e-03
489,1.5442996045e-03,2.4048787438e-03
490,1.5854615187e-03,2.6996328865e-03
491,1.8328495068e-03,4.4655621487e-03
492,2.9487421293e-03,4.8632778655e-03
493,3.4291260051e-03,7.7307270681e-03
494,1.7246862700e-03,3.2392325297e-03
495,2.2164422824e-03,4.3557491828e-03
496,1.4263857536e-03,3.2989843382e-03
497,3.1258347625e-03,6.4589873746e-03
498,2.0719235026e-03,3.8160318379e-03
499,2.8341508935e-03,5.1803458830e-03
