Ev_MeV,phi_27pt,Phi_27pt,dPhi_27pt,Phi_79pt,dPhi_79pt
1.80000e-01,9.11609e+11,1.85642e+12,1.41120e+12,1.88027e+12,1.42151e+12
1.90000e-01,9.56552e+11,1.84708e+12,1.40186e+12,1.87087e+12,1.41211e+12
2.00000e-01,1.00149e+12,1.83729e+12,1.39207e+12,1.86101e+12,1.40225e+12
2.10000e-01,1.04610e+12,1.82706e+12,1.38183e+12,1.85071e+12,1.39194e+12
2.20000e-01,1.09068e+12,1.81637e+12,1.37115e+12,1.83995e+12,1.38118e+12
2.30000e-01,1.13526e+12,1.80524e+12,1.36002e+12,1.82874e+12,1.36998e+12
2.40000e-01,1.17984e+12,1.79367e+12,1.34844e+12,1.81708e+12,1.35832e+12
2.50000e-01,1.22442e+12,1.78164e+12,1.33642e+12,1.80497e+12,1.34621e+12
2.60000e-01,1.26900e+12,1.76918e+12,1.32395e+12,1.79242e+12,1.33366e+12
2.70000e-01,1.31359e+12,1.75626e+12,1.31104e+12,1.77941e+12,1.32065e+12
2.80000e-01,1.35817e+12,1.74291e+12,1.29768e+12,1.76596e+12,1.30719e+12
2.90000e-01,1.40275e+12,1.72910e+12,1.28388e+12,1.75205e+12,1.29329e+12
3.00000e-01,1.44733e+12,1.71485e+12,1.26963e+12,1.73770e+12,1.27893e+12
3.10000e-01,1.44744e+12,1.70036e+12,1.25514e+12,1.72313e+12,1.26437e+12
3.20000e-01,1.44403e+12,1.68590e+12,1.24068e+12,1.70860e+12,1.24984e+12
3.30000e-01,1.44062e+12,1.67148e+12,1.22626e+12,1.69411e+12,1.23534e+12
3.40000e-01,1.43722e+12,1.65709e+12,1.21187e+12,1.67964e+12,1.22088e+12
3.50000e-01,1.43381e+12,1.64274e+12,1.19751e+12,1.66521e+12,1.20645e+12
3.60000e-01,1.43040e+12,1.62841e+12,1.18319e+12,1.65081e+12,1.19205e+12
3.70000e-01,1.42699e+12,1.61413e+12,1.16891e+12,1.63645e+12,1.17769e+12
3.80000e-01,1.42358e+12,1.59987e+12,1.15465e+12,1.62212e+12,1.16336e+12
3.90000e-01,1.42018e+12,1.58566e+12,1.14043e+12,1.60782e+12,1.14906e+12
4.00000e-01,1.41677e+12,1.57147e+12,1.12625e+12,1.59356e+12,1.13479e+12
4.10000e-01,1.39008e+12,1.55740e+12,1.11217e+12,1.57950e+12,1.12074e+12
4.20000e-01,1.35099e+12,1.54369e+12,1.09847e+12,1.56582e+12,1.10705e+12
4.30000e-01,1.31191e+12,1.53038e+12,1.08515e+12,1.55251e+12,1.09375e+12
4.40000e-01,1.27283e+12,1.51745e+12,1.07223e+12,1.53959e+12,1.08083e+12
4.50000e-01,1.23375e+12,1.50492e+12,1.05970e+12,1.52704e+12,1.06828e+12
4.60000e-01,1.19467e+12,1.49278e+12,1.04756e+12,1.51487e+12,1.05611e+12
4.70000e-01,1.15559e+12,1.48103e+12,1.03580e+12,1.50308e+12,1.04432e+12
4.80000e-01,1.11651e+12,1.46967e+12,1.02444e+12,1.49167e+12,1.03291e+12
4.90000e-01,1.07742e+12,1.45870e+12,1.01347e+12,1.48063e+12,1.02187e+12
5.00000e-01,1.03966e+12,1.44812e+12,1.00290e+12,1.46998e+12,1.01122e+12
5.10000e-01,1.03158e+12,1.43776e+12,9.92539e+11,1.45955e+12,1.00079e+12
5.20000e-01,1.02350e+12,1.42749e+12,9.82264e+11,1.44921e+12,9.90451e+11
5.30000e-01,1.01542e+12,1.41729e+12,9.72069e+11,1.43896e+12,9.80198e+11
5.40000e-01,1.00734e+12,1.40718e+12,9.61955e+11,1.42879e+12,9.70030e+11
5.50000e-01,9.99256e+11,1.39714e+12,9.51922e+11,1.41871e+12,9.59949e+11
5.60000e-01,9.91176e+11,1.38719e+12,9.41970e+11,1.40871e+12,9.49953e+11
5.70000e-01,9.83096e+11,1.37732e+12,9.32099e+11,1.39880e+12,9.40043e+11
5.80000e-01,9.75016e+11,1.36753e+12,9.22308e+11,1.38898e+12,9.30218e+11
5.90000e-01,9.66936e+11,1.35782e+12,9.12598e+11,1.37924e+12,9.20479e+11
6.00000e-01,9.58856e+11,1.34819e+12,9.02969e+11,1.36959e+12,9.10827e+11
6.10000e-01,9.55039e+11,1.33862e+12,8.93402e+11,1.35999e+12,9.01232e+11
6.20000e-01,9.51570e+11,1.32909e+12,8.83869e+11,1.35043e+12,8.91667e+11
6.30000e-01,9.48101e+11,1.31959e+12,8.74370e+11,1.34089e+12,8.82133e+11
6.40000e-01,9.44632e+11,1.31013e+12,8.64907e+11,1.33139e+12,8.72628e+11
6.50000e-01,9.41163e+11,1.30070e+12,8.55478e+11,1.32192e+12,8.63154e+11
6.60000e-01,9.37694e+11,1.29131e+12,8.46083e+11,1.31247e+12,8.53711e+11
6.70000e-01,9.34225e+11,1.28195e+12,8.36724e+11,1.30306e+12,8.44297e+11
6.80000e-01,9.30756e+11,1.27262e+12,8.27399e+11,1.29368e+12,8.34914e+11
6.90000e-01,9.27287e+11,1.26333e+12,8.18109e+11,1.28432e+12,8.25561e+11
7.00000e-01,9.23818e+11,1.25408e+12,8.08853e+11,1.27500e+12,8.16238e+11
7.10000e-01,9.21587e+11,1.24485e+12,7.99627e+11,1.26570e+12,8.06941e+11
7.20000e-01,9.19505e+11,1.23564e+12,7.90421e+11,1.25643e+12,7.97667e+11
7.30000e-01,9.17423e+11,1.22646e+12,7.81237e+11,1.24718e+12,7.88414e+11
7.40000e-01,9.15341e+11,1.21730e+12,7.72073e+11,1.23795e+12,7.79184e+11
7.50000e-01,9.13259e+11,1.20815e+12,7.62930e+11,1.22874e+12,7.69976e+11
7.60000e-01,9.11176e+11,1.19903e+12,7.53808e+11,1.21955e+12,7.60790e+11
7.70000e-01,9.09094e+11,1.18993e+12,7.44706e+11,1.21039e+12,7.51626e+11
7.80000e-01,9.07012e+11,1.18085e+12,7.35626e+11,1.20125e+12,7.42484e+11
7.90000e-01,9.04930e+11,1.17179e+12,7.26566e+11,1.19213e+12,7.33364e+11
8.00000e-01,9.02436e+11,1.16275e+12,7.17528e+11,1.18303e+12,7.24267e+11
8.10000e-01,8.99031e+11,1.15374e+12,7.08520e+11,1.17396e+12,7.15197e+11
8.20000e-01,8.95626e+11,1.14477e+12,6.99547e+11,1.16492e+12,7.06162e+11
8.30000e-01,8.92221e+11,1.13583e+12,6.90608e+11,1.15592e+12,6.97161e+11
8.40000e-01,8.88816e+11,1.12693e+12,6.81703e+11,1.14696e+12,6.88195e+11
8.50000e-01,8.85411e+11,1.11805e+12,6.72832e+11,1.13802e+12,6.79263e+11
8.60000e-01,8.82006e+11,1.10922e+12,6.63995e+11,1.12913e+12,6.70365e+11
8.70000e-01,8.78601e+11,1.10041e+12,6.55191e+11,1.12026e+12,6.61501e+11
8.80000e-01,8.75196e+11,1.09164e+12,6.46422e+11,1.11143e+12,6.52672e+11
8.90000e-01,8.71791e+11,1.08291e+12,6.37688e+11,1.10264e+12,6.43877e+11
9.00000e-01,8.68722e+11,1.07421e+12,6.28986e+11,1.09388e+12,6.35116e+11
9.10000e-01,8.68459e+11,1.06552e+12,6.20301e+11,1.08514e+12,6.26374e+11
9.20000e-01,8.68196e+11,1.05684e+12,6.11617e+11,1.07640e+12,6.17635e+11
9.30000e-01,8.67933e+11,1.04816e+12,6.02937e+11,1.06766e+12,6.08899e+11
9.40000e-01,8.67670e+11,1.03948e+12,5.94259e+11,1.05893e+12,6.00167e+11
9.50000e-01,8.67407e+11,1.03081e+12,5.85583e+11,1.05020e+12,5.91438e+11
9.60000e-01,8.67144e+11,1.02213e+12,5.76911e+11,1.04147e+12,5.82711e+11
9.70000e-01,8.66881e+11,1.01346e+12,5.68240e+11,1.03275e+12,5.73988e+11
9.80000e-01,8.66618e+11,1.00480e+12,5.59573e+11,1.02403e+12,5.65268e+11
9.90000e-01,8.66355e+11,9.96131e+11,5.50908e+11,1.01531e+12,5.56552e+11
1.00000e+00,8.65939e+11,9.87468e+11,5.42246e+11,1.00660e+12,5.47838e+11
1.01000e+00,8.64173e+11,9.78818e+11,5.33595e+11,9.97897e+11,5.39135e+11
1.02000e+00,8.62406e+11,9.70185e+11,5.24962e+11,9.89211e+11,5.30449e+11
1.03000e+00,8.60640e+11,9.61570e+11,5.16347e+11,9.80543e+11,5.21781e+11
1.04000e+00,8.58873e+11,9.52972e+11,5.07750e+11,9.71892e+11,5.13130e+11
1.05000e+00,8.57107e+11,9.44392e+11,4.99170e+11,9.63258e+11,5.04496e+11
1.06000e+00,8.55340e+11,9.35830e+11,4.90607e+11,9.54642e+11,4.95880e+11
1.07000e+00,8.53574e+11,9.27285e+11,4.82063e+11,9.46043e+11,4.87281e+11
1.08000e+00,8.51808e+11,9.18758e+11,4.73536e+11,9.37461e+11,4.78699e+11
1.09000e+00,8.50041e+11,9.10249e+11,4.65027e+11,9.28897e+11,4.70135e+11
1.10000e+00,8.44847e+11,9.01762e+11,4.56539e+11,9.20351e+11,4.61589e+11
1.11000e+00,8.28605e+11,8.93394e+11,4.48172e+11,9.11894e+11,4.53132e+11
1.12000e+00,8.12363e+11,8.85190e+11,4.39967e+11,9.03601e+11,4.44839e+11
1.13000e+00,7.96121e+11,8.77147e+11,4.31925e+11,8.95471e+11,4.36709e+11
1.14000e+00,7.79879e+11,8.69267e+11,4.24045e+11,8.87504e+11,4.28742e+11
1.15000e+00,7.63637e+11,8.61550e+11,4.16327e+11,8.79701e+11,4.20939e+11
1.16000e+00,7.47395e+11,8.53994e+11,4.08772e+11,8.72061e+11,4.13299e+11
1.17000e+00,7.31153e+11,8.46602e+11,4.01379e+11,8.64584e+11,4.05822e+11
1.18000e+00,7.14910e+11,8.39371e+11,3.94149e+11,8.57270e+11,3.98508e+11
1.19000e+00,6.98668e+11,8.32304e+11,3.87081e+11,8.50120e+11,3.91358e+11
1.20000e+00,6.85861e+11,8.25384e+11,3.80162e+11,8.43133e+11,3.84371e+11
1.21000e+00,6.73887e+11,8.18585e+11,3.73363e+11,8.36281e+11,3.77519e+11
1.22000e+00,6.61912e+11,8.11907e+11,3.66684e+11,8.29536e+11,3.70774e+11
1.23000e+00,6.49938e+11,8.05347e+11,3.60125e+11,8.22899e+11,3.64137e+11
1.24000e+00,6.37963e+11,7.98908e+11,3.53685e+11,8.16369e+11,3.57607e+11
1.25000e+00,6.25989e+11,7.92588e+11,3.47365e+11,8.09947e+11,3.51185e+11
1.26000e+00,6.14014e+11,7.86388e+11,3.41165e+11,8.03632e+11,3.44870e+11
1.27000e+00,6.02040e+11,7.80308e+11,3.35085e+11,7.97424e+11,3.38662e+11
1.28000e+00,5.90065e+11,7.74347e+11,3.29125e+11,7.91324e+11,3.32562e+11
1.29000e+00,5.81961e+11,7.68496e+11,3.23274e+11,7.85331e+11,3.26569e+11
1.30000e+00,5.77462e+11,7.62699e+11,3.17477e+11,7.79445e+11,3.20683e+11
1.31000e+00,5.72964e+11,7.56947e+11,3.11725e+11,7.73636e+11,3.14874e+11
1.32000e+00,5.68466e+11,7.51240e+11,3.06017e+11,7.67873e+11,3.09111e+11
1.33000e+00,5.63968e+11,7.45578e+11,3.00355e+11,7.62156e+11,3.03393e+11
1.34000e+00,5.59469e+11,7.39961e+11,2.94738e+11,7.56484e+11,2.97722e+11
1.35000e+00,5.54971e+11,7.34388e+11,2.89166e+11,7.50858e+11,2.92096e+11
1.36000e+00,5.50473e+11,7.28861e+11,2.83639e+11,7.45279e+11,2.86516e+11
1.37000e+00,5.45975e+11,7.23379e+11,2.78156e+11,7.39745e+11,2.80982e+11
1.38000e+00,5.41477e+11,7.17942e+11,2.72719e+11,7.34256e+11,2.75494e+11
1.39000e+00,5.36978e+11,7.12549e+11,2.67327e+11,7.28814e+11,2.70052e+11
1.40000e+00,5.32480e+11,7.07202e+11,2.61980e+11,7.23418e+11,2.64656e+11
1.41000e+00,5.27982e+11,7.01900e+11,2.56677e+11,7.18067e+11,2.59305e+11
1.42000e+00,5.23484e+11,6.96642e+11,2.51420e+11,7.12760e+11,2.53998e+11
1.43000e+00,5.18985e+11,6.91430e+11,2.46208e+11,7.07499e+11,2.48737e+11
1.44000e+00,5.14487e+11,6.86263e+11,2.41040e+11,7.02283e+11,2.43521e+11
1.45000e+00,5.09989e+11,6.81140e+11,2.35918e+11,6.97112e+11,2.38350e+11
1.46000e+00,5.05491e+11,6.76063e+11,2.30841e+11,6.91986e+11,2.33224e+11
1.47000e+00,5.00992e+11,6.71031e+11,2.25808e+11,6.86905e+11,2.28142e+11
1.48000e+00,4.96494e+11,6.66043e+11,2.20821e+11,6.81868e+11,2.23106e+11
1.49000e+00,4.91996e+11,6.61101e+11,2.15878e+11,6.76877e+11,2.18115e+11
1.50000e+00,4.87498e+11,6.56203e+11,2.10981e+11,6.71931e+11,2.13168e+11
1.51000e+00,4.82999e+11,6.51351e+11,2.06128e+11,6.67021e+11,2.08259e+11
1.52000e+00,4.80385e+11,6.46534e+11,2.01312e+11,6.62140e+11,2.03378e+11
1.53000e+00,4.77848e+11,6.41743e+11,1.96521e+11,6.57288e+11,1.98525e+11
1.54000e+00,4.75312e+11,6.36977e+11,1.91755e+11,6.52464e+11,1.93702e+11
1.55000e+00,4.72776e+11,6.32237e+11,1.87014e+11,6.47668e+11,1.88906e+11
1.56000e+00,4.70240e+11,6.27522e+11,1.82299e+11,6.42902e+11,1.84140e+11
1.57000e+00,4.67703e+11,6.22832e+11,1.77610e+11,6.38163e+11,1.79401e+11
1.58000e+00,4.65167e+11,6.18168e+11,1.72945e+11,6.33454e+11,1.74692e+11
1.59000e+00,4.62631e+11,6.13529e+11,1.68306e+11,6.28773e+11,1.70011e+11
1.60000e+00,4.60094e+11,6.08915e+11,1.63693e+11,6.24120e+11,1.65358e+11
1.61000e+00,4.57558e+11,6.04327e+11,1.59104e+11,6.19495e+11,1.60733e+11
1.62000e+00,4.55022e+11,5.99764e+11,1.54541e+11,6.14894e+11,1.56132e+11
1.63000e+00,4.52485e+11,5.95226e+11,1.50004e+11,6.10319e+11,1.51557e+11
1.64000e+00,4.49949e+11,5.90714e+11,1.45492e+11,6.05769e+11,1.47007e+11
1.65000e+00,4.47413e+11,5.86227e+11,1.41005e+11,6.01244e+11,1.42482e+11
1.66000e+00,4.44876e+11,5.81766e+11,1.36543e+11,5.96744e+11,1.37982e+11
1.67000e+00,4.42340e+11,5.77330e+11,1.32107e+11,5.92269e+11,1.33507e+11
1.68000e+00,4.39804e+11,5.72919e+11,1.27697e+11,5.87819e+11,1.29057e+11
1.69000e+00,4.37267e+11,5.68534e+11,1.23311e+11,5.83395e+11,1.24633e+11
1.70000e+00,4.34731e+11,5.64174e+11,1.18951e+11,5.78996e+11,1.20234e+11
1.71000e+00,4.32195e+11,5.59839e+11,1.14617e+11,5.74621e+11,1.15859e+11
1.72000e+00,4.29658e+11,5.55530e+11,1.10307e+11,5.70272e+11,1.11510e+11
1.73000e+00,4.27122e+11,5.51246e+11,1.06024e+11,5.65948e+11,1.07186e+11
1.74000e+00,4.24586e+11,5.46987e+11,1.01765e+11,5.61648e+11,1.02886e+11
1.75000e+00,4.22049e+11,5.42754e+11,9.75318e+10,5.57374e+11,9.86116e+10
1.76000e+00,4.19513e+11,5.38546e+11,9.33240e+10,5.53124e+11,9.43620e+10
1.77000e+00,4.16977e+11,5.34364e+11,8.91415e+10,5.48899e+11,9.01374e+10
1.78000e+00,4.14440e+11,5.30207e+11,8.49844e+10,5.44700e+11,8.59378e+10
1.79000e+00,4.11904e+11,5.26075e+11,8.08527e+10,5.40525e+11,8.17630e+10
1.80000e+00,4.09368e+11,5.21969e+11,7.67464e+10,5.36375e+11,7.76133e+10
1.81000e+00,4.06831e+11,5.17888e+11,7.26654e+10,5.32251e+11,7.34885e+10
1.82000e+00,4.04295e+11,5.13832e+11,6.86097e+10,5.28151e+11,6.93887e+10
1.83000e+00,4.01759e+11,5.09802e+11,6.45795e+10,5.24076e+11,6.53140e+10
1.84000e+00,3.99223e+11,5.05797e+11,6.05746e+10,5.20026e+11,6.12643e+10
1.85000e+00,3.96686e+11,5.01818e+11,5.65950e+10,5.16002e+11,5.72397e+10
1.86000e+00,3.94150e+11,4.97863e+11,5.26408e+10,5.12002e+11,5.32401e+10
1.87000e+00,3.91614e+11,4.93935e+11,4.87120e+10,5.08028e+11,4.92655e+10
1.88000e+00,3.89023e+11,4.90031e+11,4.48088e+10,5.04078e+11,4.53160e+10
1.89000e+00,3.86419e+11,4.86154e+11,4.09316e+10,5.00154e+11,4.13915e+10
1.90000e+00,3.83816e+11,4.82303e+11,3.70804e+10,4.96254e+11,3.74920e+10
1.91000e+00,3.81213e+11,4.78478e+11,3.32552e+10,4.92381e+11,3.36189e+10
1.92000e+00,3.78610e+11,4.74679e+11,2.94561e+10,4.88535e+11,2.97733e+10
1.93000e+00,3.76006e+11,4.70906e+11,2.56831e+10,4.84717e+11,2.59552e+10
1.94000e+00,3.73403e+11,4.67159e+11,2.19360e+10,4.80927e+11,2.21647e+10
1.95000e+00,3.70800e+11,4.63437e+11,1.82150e+10,4.77164e+11,1.84017e+10
1.96000e+00,3.68197e+11,4.59743e+11,1.45200e+10,4.73428e+11,1.46663e+10
1.97000e+00,3.65593e+11,4.56074e+11,1.08511e+10,4.69720e+11,1.09584e+10
1.98000e+00,3.62990e+11,4.52431e+11,7.20814e+09,4.66040e+11,7.27804e+09
1.99000e+00,3.60387e+11,4.48814e+11,3.59126e+09,4.62387e+11,3.62525e+09
2.00000e+00,3.57965e+11,4.45222e+11,0.00000e+00,4.58762e+11,0.00000e+00
2.01000e+00,3.55767e+11,4.41654e+11,-3.56866e+09,4.55161e+11,-3.60080e+09
2.02000e+00,3.53569e+11,4.38107e+11,-7.11534e+09,4.51582e+11,-7.18024e+09
2.03000e+00,3.51371e+11,4.34582e+11,-1.06400e+10,4.48024e+11,-1.07383e+10
2.04000e+00,3.49172e+11,4.31080e+11,-1.41428e+10,4.44487e+11,-1.42751e+10
2.05000e+00,3.46974e+11,4.27599e+11,-1.76235e+10,4.40972e+11,-1.77905e+10
2.06000e+00,3.44776e+11,4.24140e+11,-2.10822e+10,4.37478e+11,-2.12845e+10
2.07000e+00,3.42577e+11,4.20703e+11,-2.45190e+10,4.34005e+11,-2.47572e+10
2.08000e+00,3.40379e+11,4.17289e+11,-2.79338e+10,4.30554e+11,-2.82085e+10
2.09000e+00,3.38181e+11,4.13896e+11,-3.13266e+10,4.27124e+11,-3.16385e+10
2.10000e+00,3.35983e+11,4.10525e+11,-3.46974e+10,4.23715e+11,-3.50472e+10
2.11000e+00,3.33784e+11,4.07176e+11,-3.80462e+10,4.20328e+11,-3.84344e+10
2.12000e+00,3.31586e+11,4.03849e+11,-4.13731e+10,4.16962e+11,-4.18004e+10
2.13000e+00,3.29388e+11,4.00545e+11,-4.46780e+10,4.13617e+11,-4.51450e+10
2.14000e+00,3.27190e+11,3.97262e+11,-4.79608e+10,4.10294e+11,-4.84682e+10
2.15000e+00,3.24991e+11,3.94001e+11,-5.12217e+10,4.06992e+11,-5.17701e+10
2.16000e+00,3.22793e+11,3.90762e+11,-5.44607e+10,4.03711e+11,-5.50506e+10
2.17000e+00,3.20595e+11,3.87545e+11,-5.76776e+10,4.00452e+11,-5.83098e+10
2.18000e+00,3.18396e+11,3.84350e+11,-6.08726e+10,3.97214e+11,-6.15476e+10
2.19000e+00,3.16198e+11,3.81177e+11,-6.40455e+10,3.93998e+11,-6.47641e+10
2.20000e+00,3.14000e+11,3.78026e+11,-6.71965e+10,3.90803e+11,-6.79592e+10
2.21000e+00,3.11802e+11,3.74897e+11,-7.03255e+10,3.87629e+11,-7.11326e+10
2.22000e+00,3.09603e+11,3.71790e+11,-7.34326e+10,3.84478e+11,-7.42838e+10
2.23000e+00,3.07405e+11,3.68705e+11,-7.65176e+10,3.81349e+11,-7.74129e+10
2.24000e+00,3.05207e+11,3.65642e+11,-7.95807e+10,3.78242e+11,-8.05199e+10
2.25000e+00,3.03009e+11,3.62601e+11,-8.26217e+10,3.75157e+11,-8.36048e+10
2.26000e+00,3.00810e+11,3.59582e+11,-8.56408e+10,3.72095e+11,-8.66675e+10
2.27000e+00,2.98612e+11,3.56585e+11,-8.86379e+10,3.69054e+11,-8.97081e+10
2.28000e+00,2.96414e+11,3.53609e+11,-9.16131e+10,3.66036e+11,-9.27265e+10
2.29000e+00,2.94216e+11,3.50656e+11,-9.45662e+10,3.63039e+11,-9.57228e+10
2.30000e+00,2.92017e+11,3.47725e+11,-9.74974e+10,3.60065e+11,-9.86970e+10
2.31000e+00,2.89819e+11,3.44816e+11,-1.00407e+11,3.57113e+11,-1.01649e+11
2.32000e+00,2.87502e+11,3.41929e+11,-1.03293e+11,3.54185e+11,-1.04577e+11
2.33000e+00,2.85172e+11,3.39066e+11,-1.06157e+11,3.51279e+11,-1.07483e+11
2.34000e+00,2.82842e+11,3.36226e+11,-1.08997e+11,3.48396e+11,-1.10366e+11
2.35000e+00,2.80512e+11,3.33409e+11,-1.11813e+11,3.45536e+11,-1.13226e+11
2.36000e+00,2.78181e+11,3.30616e+11,-1.14607e+11,3.42699e+11,-1.16063e+11
2.37000e+00,2.75851e+11,3.27845e+11,-1.17377e+11,3.39885e+11,-1.18877e+11
2.38000e+00,2.73521e+11,3.25099e+11,-1.20124e+11,3.37093e+11,-1.21669e+11
2.39000e+00,2.71191e+11,3.22375e+11,-1.22847e+11,3.34325e+11,-1.24437e+11
2.40000e+00,2.68861e+11,3.19675e+11,-1.25548e+11,3.31580e+11,-1.27182e+11
2.41000e+00,2.66531e+11,3.16998e+11,-1.28225e+11,3.28857e+11,-1.29905e+11
2.42000e+00,2.64201e+11,3.14344e+11,-1.30878e+11,3.26158e+11,-1.32604e+11
2.43000e+00,2.61870e+11,3.11714e+11,-1.33509e+11,3.23481e+11,-1.35281e+11
2.44000e+00,2.59540e+11,3.09107e+11,-1.36116e+11,3.20827e+11,-1.37935e+11
2.45000e+00,2.57210e+11,3.06523e+11,-1.38700e+11,3.18196e+11,-1.40566e+11
2.46000e+00,2.54880e+11,3.03963e+11,-1.41260e+11,3.15589e+11,-1.43173e+11
2.47000e+00,2.52550e+11,3.01425e+11,-1.43797e+11,3.13004e+11,-1.45758e+11
2.48000e+00,2.50220e+11,2.98912e+11,-1.46311e+11,3.10442e+11,-1.48321e+11
2.49000e+00,2.47890e+11,2.96421e+11,-1.48802e+11,3.07902e+11,-1.50860e+11
2.50000e+00,2.46353e+11,2.93950e+11,-1.51272e+11,3.05386e+11,-1.53376e+11
2.51000e+00,2.44969e+11,2.91494e+11,-1.53729e+11,3.02889e+11,-1.55873e+11
2.52000e+00,2.43585e+11,2.89051e+11,-1.56171e+11,3.00406e+11,-1.58356e+11
2.53000e+00,2.42200e+11,2.86622e+11,-1.58600e+11,2.97938e+11,-1.60824e+11
2.54000e+00,2.40816e+11,2.84207e+11,-1.61015e+11,2.95485e+11,-1.63277e+11
2.55000e+00,2.39431e+11,2.81806e+11,-1.63417e+11,2.93046e+11,-1.65716e+11
2.56000e+00,2.38047e+11,2.79418e+11,-1.65804e+11,2.90622e+11,-1.68140e+11
2.57000e+00,2.36662e+11,2.77045e+11,-1.68178e+11,2.88213e+11,-1.70549e+11
2.58000e+00,2.35278e+11,2.74685e+11,-1.70537e+11,2.85818e+11,-1.72944e+11
2.59000e+00,2.33894e+11,2.72339e+11,-1.72883e+11,2.83439e+11,-1.75323e+11
2.60000e+00,2.32509e+11,2.70007e+11,-1.75215e+11,2.81074e+11,-1.77688e+11
2.61000e+00,2.31125e+11,2.67689e+11,-1.77533e+11,2.78723e+11,-1.80039e+11
2.62000e+00,2.29740e+11,2.65385e+11,-1.79838e+11,2.76388e+11,-1.82374e+11
2.63000e+00,2.28356e+11,2.63094e+11,-1.82128e+11,2.74067e+11,-1.84695e+11
2.64000e+00,2.26972e+11,2.60818e+11,-1.84405e+11,2.71760e+11,-1.87002e+11
2.65000e+00,2.25587e+11,2.58555e+11,-1.86668e+11,2.69469e+11,-1.89293e+11
2.66000e+00,2.24203e+11,2.56306e+11,-1.88917e+11,2.67192e+11,-1.91570e+11
2.67000e+00,2.22818e+11,2.54071e+11,-1.91152e+11,2.64930e+11,-1.93832e+11
2.68000e+00,2.21434e+11,2.51850e+11,-1.93373e+11,2.62683e+11,-1.96080e+11
2.69000e+00,2.20050e+11,2.49642e+11,-1.95580e+11,2.60450e+11,-1.98312e+11
2.70000e+00,2.18665e+11,2.47449e+11,-1.97774e+11,2.58232e+11,-2.00530e+11
2.71000e+00,2.17281e+11,2.45269e+11,-1.99954e+11,2.56028e+11,-2.02734e+11
2.72000e+00,2.15896e+11,2.43103e+11,-2.02120e+11,2.53839e+11,-2.04923e+11
2.73000e+00,2.14512e+11,2.40951e+11,-2.04272e+11,2.51663e+11,-2.07099e+11
2.74000e+00,2.13127e+11,2.38813e+11,-2.06410e+11,2.49502e+11,-2.09260e+11
2.75000e+00,2.11743e+11,2.36688e+11,-2.08534e+11,2.47354e+11,-2.11408e+11
2.76000e+00,2.10359e+11,2.34578e+11,-2.10645e+11,2.45221e+11,-2.13541e+11
2.77000e+00,2.08974e+11,2.32481e+11,-2.12741e+11,2.43102e+11,-2.15660e+11
2.78000e+00,2.07590e+11,2.30398e+11,-2.14824e+11,2.40997e+11,-2.17765e+11
2.79000e+00,2.06205e+11,2.28329e+11,-2.16893e+11,2.38906e+11,-2.19856e+11
2.80000e+00,2.04821e+11,2.26274e+11,-2.18948e+11,2.36829e+11,-2.21933e+11
2.81000e+00,2.03437e+11,2.24233e+11,-2.20990e+11,2.34765e+11,-2.23997e+11
2.82000e+00,2.02052e+11,2.22206e+11,-2.23017e+11,2.32715e+11,-2.26047e+11
2.83000e+00,2.00668e+11,2.20192e+11,-2.25031e+11,2.30679e+11,-2.28083e+11
2.84000e+00,1.99374e+11,2.18192e+11,-2.27031e+11,2.28656e+11,-2.30106e+11
2.85000e+00,1.98101e+11,2.16204e+11,-2.29018e+11,2.26646e+11,-2.32116e+11
2.86000e+00,1.96829e+11,2.14230e+11,-2.30993e+11,2.24650e+11,-2.34112e+11
2.87000e+00,1.95556e+11,2.12268e+11,-2.32955e+11,2.22667e+11,-2.36095e+11
2.88000e+00,1.94283e+11,2.10319e+11,-2.34904e+11,2.20698e+11,-2.38064e+11
2.89000e+00,1.93010e+11,2.08382e+11,-2.36840e+11,2.18742e+11,-2.40020e+11
2.90000e+00,1.91737e+11,2.06458e+11,-2.38764e+11,2.16800e+11,-2.41963e+11
2.91000e+00,1.90465e+11,2.04547e+11,-2.40675e+11,2.14870e+11,-2.43892e+11
2.92000e+00,1.89192e+11,2.02649e+11,-2.42573e+11,2.12955e+11,-2.45807e+11
2.93000e+00,1.87919e+11,2.00764e+11,-2.44459e+11,2.11052e+11,-2.47710e+11
2.94000e+00,1.86646e+11,1.98891e+11,-2.46332e+11,2.09164e+11,-2.49598e+11
2.95000e+00,1.85373e+11,1.97031e+11,-2.48192e+11,2.07288e+11,-2.51474e+11
2.96000e+00,1.84101e+11,1.95183e+11,-2.50039e+11,2.05426e+11,-2.53336e+11
2.97000e+00,1.82828e+11,1.93349e+11,-2.51874e+11,2.03578e+11,-2.55184e+11
2.98000e+00,1.81555e+11,1.91527e+11,-2.53696e+11,2.01742e+11,-2.57020e+11
2.99000e+00,1.80282e+11,1.89718e+11,-2.55505e+11,1.99921e+11,-2.58841e+11
3.00000e+00,1.79009e+11,1.87921e+11,-2.57301e+11,1.98112e+11,-2.60650e+11
3.01000e+00,1.77736e+11,1.86137e+11,-2.59085e+11,1.96317e+11,-2.62445e+11
3.02000e+00,1.76464e+11,1.84366e+11,-2.60856e+11,1.94534e+11,-2.64228e+11
3.03000e+00,1.75191e+11,1.82608e+11,-2.62614e+11,1.92764e+11,-2.65998e+11
3.04000e+00,1.73918e+11,1.80863e+11,-2.64360e+11,1.91006e+11,-2.67756e+11
3.05000e+00,1.72645e+11,1.79130e+11,-2.66093e+11,1.89261e+11,-2.69501e+11
3.06000e+00,1.71372e+11,1.77410e+11,-2.67813e+11,1.87529e+11,-2.71233e+11
3.07000e+00,1.70100e+11,1.75702e+11,-2.69520e+11,1.85809e+11,-2.72953e+11
3.08000e+00,1.68827e+11,1.74008e+11,-2.71215e+11,1.84101e+11,-2.74661e+11
3.09000e+00,1.67554e+11,1.72326e+11,-2.72897e+11,1.82406e+11,-2.76356e+11
3.10000e+00,1.66281e+11,1.70657e+11,-2.74566e+11,1.80724e+11,-2.78038e+11
3.11000e+00,1.65008e+11,1.69000e+11,-2.76222e+11,1.79054e+11,-2.79708e+11
3.12000e+00,1.63735e+11,1.67356e+11,-2.77866e+11,1.77397e+11,-2.81365e+11
3.13000e+00,1.62463e+11,1.65725e+11,-2.79497e+11,1.75753e+11,-2.83010e+11
3.14000e+00,1.61190e+11,1.64107e+11,-2.81115e+11,1.74120e+11,-2.84642e+11
3.15000e+00,1.59917e+11,1.62502e+11,-2.82721e+11,1.72501e+11,-2.86261e+11
3.16000e+00,1.58644e+11,1.60909e+11,-2.84314e+11,1.70894e+11,-2.87868e+11
3.17000e+00,1.57371e+11,1.59329e+11,-2.85894e+11,1.69299e+11,-2.89463e+11
3.18000e+00,1.56099e+11,1.57761e+11,-2.87461e+11,1.67718e+11,-2.91044e+11
3.19000e+00,1.54941e+11,1.56206e+11,-2.89016e+11,1.66148e+11,-2.92614e+11
3.20000e+00,1.53820e+11,1.54663e+11,-2.90560e+11,1.64592e+11,-2.94171e+11
3.21000e+00,1.52699e+11,1.53130e+11,-2.92093e+11,1.63047e+11,-2.95715e+11
3.22000e+00,1.51578e+11,1.51609e+11,-2.93614e+11,1.61514e+11,-2.97248e+11
3.23000e+00,1.50457e+11,1.50098e+11,-2.95124e+11,1.59992e+11,-2.98770e+11
3.24000e+00,1.49336e+11,1.48599e+11,-2.96623e+11,1.58482e+11,-3.00280e+11
3.25000e+00,1.48214e+11,1.47112e+11,-2.98111e+11,1.56983e+11,-3.01779e+11
3.26000e+00,1.47093e+11,1.45635e+11,-2.99587e+11,1.55496e+11,-3.03266e+11
3.27000e+00,1.45972e+11,1.44170e+11,-3.01053e+11,1.54021e+11,-3.04741e+11
3.28000e+00,1.44851e+11,1.42716e+11,-3.02507e+11,1.52557e+11,-3.06205e+11
3.29000e+00,1.43730e+11,1.41273e+11,-3.03950e+11,1.51104e+11,-3.07658e+11
3.30000e+00,1.42609e+11,1.39841e+11,-3.05381e+11,1.49664e+11,-3.09098e+11
3.31000e+00,1.41488e+11,1.38421e+11,-3.06802e+11,1.48234e+11,-3.10528e+11
3.32000e+00,1.40367e+11,1.37011e+11,-3.08211e+11,1.46814e+11,-3.11948e+11
3.33000e+00,1.39246e+11,1.35613e+11,-3.09609e+11,1.45406e+11,-3.13356e+11
3.34000e+00,1.38124e+11,1.34226e+11,-3.10996e+11,1.44007e+11,-3.14755e+11
3.35000e+00,1.37003e+11,1.32851e+11,-3.12372e+11,1.42619e+11,-3.16143e+11
3.36000e+00,1.35882e+11,1.31486e+11,-3.13736e+11,1.41242e+11,-3.17520e+11
3.37000e+00,1.34761e+11,1.30133e+11,-3.15089e+11,1.39875e+11,-3.18887e+11
3.38000e+00,1.33640e+11,1.28791e+11,-3.16431e+11,1.38519e+11,-3.20243e+11
3.39000e+00,1.32519e+11,1.27460e+11,-3.17762e+11,1.37173e+11,-3.21589e+11
3.40000e+00,1.31398e+11,1.26141e+11,-3.19082e+11,1.35838e+11,-3.22924e+11
3.41000e+00,1.30277e+11,1.24832e+11,-3.20390e+11,1.34514e+11,-3.24248e+11
3.42000e+00,1.29155e+11,1.23535e+11,-3.21687e+11,1.33199e+11,-3.25563e+11
3.43000e+00,1.28034e+11,1.22249e+11,-3.22973e+11,1.31896e+11,-3.26866e+11
3.44000e+00,1.26913e+11,1.20975e+11,-3.24248e+11,1.30603e+11,-3.28159e+11
3.45000e+00,1.25792e+11,1.19711e+11,-3.25511e+11,1.29320e+11,-3.29442e+11
3.46000e+00,1.24671e+11,1.18459e+11,-3.26764e+11,1.28048e+11,-3.30714e+11
3.47000e+00,1.23550e+11,1.17218e+11,-3.28005e+11,1.26786e+11,-3.31976e+11
3.48000e+00,1.22429e+11,1.15988e+11,-3.29235e+11,1.25535e+11,-3.33227e+11
3.49000e+00,1.21308e+11,1.14769e+11,-3.30453e+11,1.24295e+11,-3.34467e+11
3.50000e+00,1.20187e+11,1.13562e+11,-3.31661e+11,1.23065e+11,-3.35697e+11
3.51000e+00,1.19065e+11,1.12365e+11,-3.32857e+11,1.21845e+11,-3.36917e+11
3.52000e+00,1.17944e+11,1.11180e+11,-3.34042e+11,1.20635e+11,-3.38127e+11
3.53000e+00,1.16823e+11,1.10006e+11,-3.35216e+11,1.19434e+11,-3.39328e+11
3.54000e+00,1.15759e+11,1.08844e+11,-3.36379e+11,1.18244e+11,-3.40518e+11
3.55000e+00,1.14787e+11,1.07691e+11,-3.37532e+11,1.17063e+11,-3.41699e+11
3.56000e+00,1.13814e+11,1.06548e+11,-3.38675e+11,1.15893e+11,-3.42870e+11
3.57000e+00,1.12842e+11,1.05415e+11,-3.39808e+11,1.14732e+11,-3.44031e+11
3.58000e+00,1.11869e+11,1.04291e+11,-3.40931e+11,1.13580e+11,-3.45182e+11
3.59000e+00,1.10897e+11,1.03177e+11,-3.42045e+11,1.12439e+11,-3.46323e+11
3.60000e+00,1.09925e+11,1.02073e+11,-3.43149e+11,1.11307e+11,-3.47455e+11
3.61000e+00,1.08952e+11,1.00979e+11,-3.44244e+11,1.10186e+11,-3.48576e+11
3.62000e+00,1.07980e+11,9.98941e+10,-3.45328e+11,1.09074e+11,-3.49688e+11
3.63000e+00,1.07007e+11,9.88192e+10,-3.46403e+11,1.07971e+11,-3.50791e+11
3.64000e+00,1.06035e+11,9.77540e+10,-3.47469e+11,1.06879e+11,-3.51883e+11
3.65000e+00,1.05063e+11,9.66985e+10,-3.48524e+11,1.05797e+11,-3.52965e+11
3.66000e+00,1.04090e+11,9.56527e+10,-3.49570e+11,1.04724e+11,-3.54038e+11
3.67000e+00,1.03118e+11,9.46167e+10,-3.50606e+11,1.03661e+11,-3.55101e+11
3.68000e+00,1.02145e+11,9.35904e+10,-3.51632e+11,1.02608e+11,-3.56154e+11
3.69000e+00,1.01173e+11,9.25738e+10,-3.52649e+11,1.01565e+11,-3.57197e+11
3.70000e+00,1.00201e+11,9.15669e+10,-3.53656e+11,1.00531e+11,-3.58231e+11
3.71000e+00,9.92283e+10,9.05698e+10,-3.54653e+11,9.95071e+10,-3.59255e+11
3.72000e+00,9.82559e+10,8.95823e+10,-3.55640e+11,9.84919e+10,-3.60270e+11
3.73000e+00,9.72835e+10,8.86046e+10,-3.56618e+11,9.74857e+10,-3.61276e+11
3.74000e+00,9.63111e+10,8.76367e+10,-3.57586e+11,9.64883e+10,-3.62274e+11
3.75000e+00,9.53387e+10,8.66784e+10,-3.58544e+11,9.54999e+10,-3.63262e+11
3.76000e+00,9.43663e+10,8.57299e+10,-3.59493e+11,9.45205e+10,-3.64242e+11
3.77000e+00,9.33939e+10,8.47911e+10,-3.60431e+11,9.35499e+10,-3.65212e+11
3.78000e+00,9.24215e+10,8.38620e+10,-3.61360e+11,9.25883e+10,-3.66174e+11
3.79000e+00,9.14491e+10,8.29427e+10,-3.62280e+11,9.16356e+10,-3.67126e+11
3.80000e+00,9.04767e+10,8.20330e+10,-3.63189e+11,9.06918e+10,-3.68070e+11
3.81000e+00,8.95043e+10,8.11331e+10,-3.64089e+11,8.97565e+10,-3.69006e+11
3.82000e+00,8.85319e+10,8.02430e+10,-3.64980e+11,8.88293e+10,-3.69933e+11
3.83000e+00,8.75595e+10,7.93625e+10,-3.65860e+11,8.79101e+10,-3.70852e+11
3.84000e+00,8.65871e+10,7.84918e+10,-3.66731e+11,8.69989e+10,-3.71763e+11
3.85000e+00,8.56147e+10,7.76308e+10,-3.67592e+11,8.60958e+10,-3.72666e+11
3.86000e+00,8.46423e+10,7.67795e+10,-3.68443e+11,8.52007e+10,-3.73561e+11
3.87000e+00,8.36699e+10,7.59379e+10,-3.69285e+11,8.43136e+10,-3.74448e+11
3.88000e+00,8.26975e+10,7.51061e+10,-3.70116e+11,8.34346e+10,-3.75327e+11
3.89000e+00,8.17251e+10,7.42840e+10,-3.70939e+11,8.25636e+10,-3.76198e+11
3.90000e+00,8.07527e+10,7.34716e+10,-3.71751e+11,8.17007e+10,-3.77061e+11
3.91000e+00,7.97803e+10,7.26689e+10,-3.72554e+11,8.08458e+10,-3.77916e+11
3.92000e+00,7.88079e+10,7.18760e+10,-3.73347e+11,7.99990e+10,-3.78763e+11
3.93000e+00,7.78355e+10,7.10927e+10,-3.74130e+11,7.91601e+10,-3.79602e+11
3.94000e+00,7.68631e+10,7.03193e+10,-3.74903e+11,7.83294e+10,-3.80433e+11
3.95000e+00,7.61269e+10,6.95548e+10,-3.75668e+11,7.75066e+10,-3.81255e+11
3.96000e+00,7.55557e+10,6.87964e+10,-3.76426e+11,7.66919e+10,-3.82070e+11
3.97000e+00,7.49845e+10,6.80437e+10,-3.77179e+11,7.58853e+10,-3.82877e+11
3.98000e+00,7.44133e+10,6.72967e+10,-3.77926e+11,7.50866e+10,-3.83675e+11
3.99000e+00,7.38420e+10,6.65554e+10,-3.78667e+11,7.42961e+10,-3.84466e+11
4.00000e+00,7.32708e+10,6.58198e+10,-3.79403e+11,7.35135e+10,-3.85249e+11
4.01000e+00,7.26996e+10,6.50900e+10,-3.80133e+11,7.27383e+10,-3.86024e+11
4.02000e+00,7.21284e+10,6.43659e+10,-3.80857e+11,7.19697e+10,-3.86792e+11
4.03000e+00,7.15571e+10,6.36474e+10,-3.81575e+11,7.12077e+10,-3.87554e+11
4.04000e+00,7.09859e+10,6.29347e+10,-3.82288e+11,7.04523e+10,-3.88310e+11
4.05000e+00,7.04147e+10,6.22277e+10,-3.82995e+11,6.97035e+10,-3.89059e+11
4.06000e+00,6.98435e+10,6.15264e+10,-3.83696e+11,6.89614e+10,-3.89801e+11
4.07000e+00,6.92722e+10,6.08308e+10,-3.84392e+11,6.82258e+10,-3.90536e+11
4.08000e+00,6.87010e+10,6.01410e+10,-3.85082e+11,6.74968e+10,-3.91265e+11
4.09000e+00,6.81298e+10,5.94568e+10,-3.85766e+11,6.67745e+10,-3.91988e+11
4.10000e+00,6.75586e+10,5.87784e+10,-3.86444e+11,6.60588e+10,-3.92703e+11
4.11000e+00,6.69873e+10,5.81056e+10,-3.87117e+11,6.53497e+10,-3.93412e+11
4.12000e+00,6.64161e+10,5.74386e+10,-3.87784e+11,6.46471e+10,-3.94115e+11
4.13000e+00,6.58449e+10,5.67773e+10,-3.88445e+11,6.39512e+10,-3.94811e+11
4.14000e+00,6.52737e+10,5.61217e+10,-3.89101e+11,6.32619e+10,-3.95500e+11
4.15000e+00,6.47024e+10,5.54718e+10,-3.89751e+11,6.25793e+10,-3.96183e+11
4.16000e+00,6.41312e+10,5.48277e+10,-3.90395e+11,6.19032e+10,-3.96859e+11
4.17000e+00,6.35600e+10,5.41892e+10,-3.91033e+11,6.12337e+10,-3.97528e+11
4.18000e+00,6.29888e+10,5.35565e+10,-3.91666e+11,6.05709e+10,-3.98191e+11
4.19000e+00,6.24175e+10,5.29294e+10,-3.92293e+11,5.99146e+10,-3.98847e+11
4.20000e+00,6.18463e+10,5.23081e+10,-3.92914e+11,5.92650e+10,-3.99497e+11
4.21000e+00,6.12751e+10,5.16925e+10,-3.93530e+11,5.86218e+10,-4.00140e+11
4.22000e+00,6.07039e+10,5.10826e+10,-3.94140e+11,5.79847e+10,-4.00777e+11
4.23000e+00,6.01326e+10,5.04784e+10,-3.94744e+11,5.73538e+10,-4.01408e+11
4.24000e+00,5.95614e+10,4.98800e+10,-3.95343e+11,5.67291e+10,-4.02033e+11
4.25000e+00,5.89902e+10,4.92872e+10,-3.95935e+11,5.61106e+10,-4.02651e+11
4.26000e+00,5.84190e+10,4.87002e+10,-3.96522e+11,5.54983e+10,-4.03264e+11
4.27000e+00,5.78477e+10,4.81188e+10,-3.97104e+11,5.48922e+10,-4.03870e+11
4.28000e+00,5.72765e+10,4.75432e+10,-3.97679e+11,5.42922e+10,-4.04470e+11
4.29000e+00,5.67053e+10,4.69733e+10,-3.98249e+11,5.36984e+10,-4.05064e+11
4.30000e+00,5.61341e+10,4.64091e+10,-3.98813e+11,5.31109e+10,-4.05651e+11
4.31000e+00,5.55628e+10,4.58506e+10,-3.99372e+11,5.25292e+10,-4.06233e+11
4.32000e+00,5.49916e+10,4.52979e+10,-3.99925e+11,5.19534e+10,-4.06809e+11
4.33000e+00,5.44204e+10,4.47508e+10,-4.00472e+11,5.13833e+10,-4.07379e+11
4.34000e+00,5.38492e+10,4.42094e+10,-4.01013e+11,5.08189e+10,-4.07943e+11
4.35000e+00,5.32780e+10,4.36738e+10,-4.01549e+11,5.02603e+10,-4.08502e+11
4.36000e+00,5.27067e+10,4.31439e+10,-4.02079e+11,4.97075e+10,-4.09055e+11
4.37000e+00,5.21355e+10,4.26197e+10,-4.02603e+11,4.91604e+10,-4.09602e+11
4.38000e+00,5.15643e+10,4.21012e+10,-4.03121e+11,4.86191e+10,-4.10143e+11
4.39000e+00,5.09931e+10,4.15884e+10,-4.03634e+11,4.80835e+10,-4.10679e+11
4.40000e+00,5.04218e+10,4.10813e+10,-4.04141e+11,4.75537e+10,-4.11208e+11
4.41000e+00,4.98506e+10,4.05800e+10,-4.04643e+11,4.70297e+10,-4.11732e+11
4.42000e+00,4.92794e+10,4.00843e+10,-4.05138e+11,4.65114e+10,-4.12251e+11
4.43000e+00,4.87082e+10,3.95944e+10,-4.05628e+11,4.59989e+10,-4.12763e+11
4.44000e+00,4.81369e+10,3.91101e+10,-4.06112e+11,4.54921e+10,-4.13270e+11
4.45000e+00,4.75657e+10,3.86316e+10,-4.06591e+11,4.49911e+10,-4.13771e+11
4.46000e+00,4.69945e+10,3.81588e+10,-4.07064e+11,4.44958e+10,-4.14266e+11
4.47000e+00,4.64936e+10,3.76916e+10,-4.07531e+11,4.40063e+10,-4.14756e+11
4.48000e+00,4.61020e+10,3.72286e+10,-4.07994e+11,4.35225e+10,-4.15240e+11
4.49000e+00,4.57104e+10,3.67696e+10,-4.08453e+11,4.30445e+10,-4.15718e+11
4.50000e+00,4.53188e+10,3.63144e+10,-4.08908e+11,4.25723e+10,-4.16190e+11
4.51000e+00,4.49273e+10,3.58632e+10,-4.09359e+11,4.21052e+10,-4.16657e+11
4.52000e+00,4.45357e+10,3.54159e+10,-4.09807e+11,4.16425e+10,-4.17120e+11
4.53000e+00,4.41441e+10,3.49725e+10,-4.10250e+11,4.11843e+10,-4.17578e+11
4.54000e+00,4.37525e+10,3.45330e+10,-4.10690e+11,4.07305e+10,-4.18032e+11
4.55000e+00,4.33609e+10,3.40974e+10,-4.11125e+11,4.02811e+10,-4.18481e+11
4.56000e+00,4.29694e+10,3.36658e+10,-4.11557e+11,3.98363e+10,-4.18926e+11
4.57000e+00,4.25778e+10,3.32380e+10,-4.11984e+11,3.93958e+10,-4.19366e+11
4.58000e+00,4.21862e+10,3.28142e+10,-4.12408e+11,3.89598e+10,-4.19802e+11
4.59000e+00,4.17946e+10,3.23943e+10,-4.12828e+11,3.85283e+10,-4.20234e+11
4.60000e+00,4.14030e+10,3.19783e+10,-4.13244e+11,3.81012e+10,-4.20661e+11
4.61000e+00,4.10114e+10,3.15662e+10,-4.13656e+11,3.76786e+10,-4.21083e+11
4.62000e+00,4.06199e+10,3.11581e+10,-4.14064e+11,3.72604e+10,-4.21502e+11
4.63000e+00,4.02283e+10,3.07538e+10,-4.14469e+11,3.68467e+10,-4.21915e+11
4.64000e+00,3.98367e+10,3.03535e+10,-4.14869e+11,3.64374e+10,-4.22325e+11
4.65000e+00,3.94451e+10,2.99571e+10,-4.15265e+11,3.60326e+10,-4.22729e+11
4.66000e+00,3.90535e+10,2.95646e+10,-4.15658e+11,3.56322e+10,-4.23130e+11
4.67000e+00,3.86619e+10,2.91760e+10,-4.16046e+11,3.52363e+10,-4.23526e+11
4.68000e+00,3.82704e+10,2.87914e+10,-4.16431e+11,3.48448e+10,-4.23917e+11
4.69000e+00,3.78788e+10,2.84106e+10,-4.16812e+11,3.44577e+10,-4.24304e+11
4.70000e+00,3.74872e+10,2.80338e+10,-4.17189e+11,3.40752e+10,-4.24687e+11
4.71000e+00,3.70956e+10,2.76609e+10,-4.17562e+11,3.36967e+10,-4.25065e+11
4.72000e+00,3.67040e+10,2.72919e+10,-4.17931e+11,3.33221e+10,-4.25440e+11
4.73000e+00,3.63124e+10,2.69268e+10,-4.18296e+11,3.29512e+10,-4.25811e+11
4.74000e+00,3.59209e+10,2.65656e+10,-4.18657e+11,3.25842e+10,-4.26178e+11
4.75000e+00,3.55293e+10,2.62084e+10,-4.19014e+11,3.22210e+10,-4.26541e+11
4.76000e+00,3.51377e+10,2.58551e+10,-4.19367e+11,3.18616e+10,-4.26900e+11
4.77000e+00,3.47461e+10,2.55056e+10,-4.19717e+11,3.15060e+10,-4.27256e+11
4.78000e+00,3.43545e+10,2.51601e+10,-4.20062e+11,3.11542e+10,-4.27608e+11
4.79000e+00,3.39630e+10,2.48186e+10,-4.20404e+11,3.08062e+10,-4.27956e+11
4.80000e+00,3.35714e+10,2.44809e+10,-4.20742e+11,3.04621e+10,-4.28300e+11
4.81000e+00,3.31798e+10,2.41471e+10,-4.21075e+11,3.01214e+10,-4.28641e+11
4.82000e+00,3.27882e+10,2.38173e+10,-4.21405e+11,2.97839e+10,-4.28978e+11
4.83000e+00,3.23966e+10,2.34914e+10,-4.21731e+11,2.94496e+10,-4.29312e+11
4.84000e+00,3.20050e+10,2.31694e+10,-4.22053e+11,2.91184e+10,-4.29644e+11
4.85000e+00,3.16135e+10,2.28513e+10,-4.22371e+11,2.87904e+10,-4.29972e+11
4.86000e+00,3.12219e+10,2.25371e+10,-4.22685e+11,2.84656e+10,-4.30296e+11
4.87000e+00,3.08303e+10,2.22268e+10,-4.22996e+11,2.81440e+10,-4.30618e+11
4.88000e+00,3.04387e+10,2.19205e+10,-4.23302e+11,2.78255e+10,-4.30937e+11
4.89000e+00,3.00471e+10,2.16180e+10,-4.23604e+11,2.75102e+10,-4.31252e+11
4.90000e+00,2.96555e+10,2.13195e+10,-4.23903e+11,2.71980e+10,-4.31564e+11
4.91000e+00,2.92640e+10,2.10249e+10,-4.24198e+11,2.68891e+10,-4.31873e+11
4.92000e+00,2.88724e+10,2.07343e+10,-4.24488e+11,2.65833e+10,-4.32179e+11
4.93000e+00,2.84808e+10,2.04475e+10,-4.24775e+11,2.62806e+10,-4.32481e+11
4.94000e+00,2.80892e+10,2.01646e+10,-4.25058e+11,2.59812e+10,-4.32781e+11
4.95000e+00,2.76976e+10,1.98857e+10,-4.25337e+11,2.56849e+10,-4.33077e+11
4.96000e+00,2.73061e+10,1.96107e+10,-4.25612e+11,2.53918e+10,-4.33370e+11
4.97000e+00,2.69145e+10,1.93396e+10,-4.25883e+11,2.51018e+10,-4.33660e+11
4.98000e+00,2.65229e+10,1.90724e+10,-4.26150e+11,2.48150e+10,-4.33947e+11
4.99000e+00,2.61313e+10,1.88091e+10,-4.26413e+11,2.45314e+10,-4.34231e+11
5.00000e+00,2.57397e+10,1.85498e+10,-4.26673e+11,2.42510e+10,-4.34511e+11
5.01000e+00,2.53481e+10,1.82943e+10,-4.26928e+11,2.39733e+10,-4.34789e+11
5.02000e+00,2.49566e+10,1.80428e+10,-4.27180e+11,2.36980e+10,-4.35064e+11
5.03000e+00,2.45650e+10,1.77952e+10,-4.27427e+11,2.34251e+10,-4.35337e+11
5.04000e+00,2.42122e+10,1.75515e+10,-4.27671e+11,2.31546e+10,-4.35607e+11
5.05000e+00,2.40395e+10,1.73102e+10,-4.27912e+11,2.28864e+10,-4.35876e+11
5.06000e+00,2.38669e+10,1.70707e+10,-4.28152e+11,2.26206e+10,-4.36141e+11
5.07000e+00,2.36943e+10,1.68329e+10,-4.28390e+11,2.23572e+10,-4.36405e+11
5.08000e+00,2.35217e+10,1.65968e+10,-4.28626e+11,2.20962e+10,-4.36666e+11
5.09000e+00,2.33490e+10,1.63624e+10,-4.28860e+11,2.18375e+10,-4.36925e+11
5.10000e+00,2.31764e+10,1.61298e+10,-4.29093e+11,2.15812e+10,-4.37181e+11
5.11000e+00,2.30038e+10,1.58989e+10,-4.29324e+11,2.13273e+10,-4.37435e+11
5.12000e+00,2.28311e+10,1.56697e+10,-4.29553e+11,2.10758e+10,-4.37686e+11
5.13000e+00,2.26585e+10,1.54423e+10,-4.29780e+11,2.08266e+10,-4.37935e+11
5.14000e+00,2.24859e+10,1.52166e+10,-4.30006e+11,2.05798e+10,-4.38182e+11
5.15000e+00,2.23132e+10,1.49926e+10,-4.30230e+11,2.03354e+10,-4.38427e+11
5.16000e+00,2.21406e+10,1.47703e+10,-4.30452e+11,2.00934e+10,-4.38669e+11
5.17000e+00,2.19680e+10,1.45498e+10,-4.30673e+11,1.98537e+10,-4.38908e+11
5.18000e+00,2.17954e+10,1.43309e+10,-4.30892e+11,1.96164e+10,-4.39146e+11
5.19000e+00,2.16227e+10,1.41139e+10,-4.31109e+11,1.93815e+10,-4.39381e+11
5.20000e+00,2.14501e+10,1.38985e+10,-4.31324e+11,1.91490e+10,-4.39613e+11
5.21000e+00,2.12775e+10,1.36849e+10,-4.31538e+11,1.89188e+10,-4.39843e+11
5.22000e+00,2.11048e+10,1.34729e+10,-4.31750e+11,1.86908e+10,-4.40071e+11
5.23000e+00,2.09322e+10,1.32628e+10,-4.31960e+11,1.84652e+10,-4.40297e+11
5.24000e+00,2.07596e+10,1.30543e+10,-4.32168e+11,1.82419e+10,-4.40520e+11
5.25000e+00,2.05869e+10,1.28476e+10,-4.32375e+11,1.80209e+10,-4.40741e+11
5.26000e+00,2.04143e+10,1.26426e+10,-4.32580e+11,1.78022e+10,-4.40960e+11
5.27000e+00,2.02417e+10,1.24393e+10,-4.32783e+11,1.75858e+10,-4.41176e+11
5.28000e+00,2.00691e+10,1.22377e+10,-4.32985e+11,1.73717e+10,-4.41390e+11
5.29000e+00,1.98964e+10,1.20379e+10,-4.33185e+11,1.71598e+10,-4.41602e+11
5.30000e+00,1.97238e+10,1.18398e+10,-4.33383e+11,1.69503e+10,-4.41812e+11
5.31000e+00,1.95512e+10,1.16434e+10,-4.33579e+11,1.67430e+10,-4.42019e+11
5.32000e+00,1.93785e+10,1.14488e+10,-4.33774e+11,1.65380e+10,-4.42224e+11
5.33000e+00,1.92059e+10,1.12559e+10,-4.33967e+11,1.63352e+10,-4.42427e+11
5.34000e+00,1.90333e+10,1.10647e+10,-4.34158e+11,1.61345e+10,-4.42628e+11
5.35000e+00,1.88606e+10,1.08752e+10,-4.34347e+11,1.59361e+10,-4.42826e+11
5.36000e+00,1.86880e+10,1.06874e+10,-4.34535e+11,1.57400e+10,-4.43022e+11
5.37000e+00,1.85154e+10,1.05014e+10,-4.34721e+11,1.55460e+10,-4.43216e+11
5.38000e+00,1.83427e+10,1.03171e+10,-4.34905e+11,1.53543e+10,-4.43408e+11
5.39000e+00,1.81701e+10,1.01346e+10,-4.35088e+11,1.51648e+10,-4.43597e+11
5.40000e+00,1.79975e+10,9.95373e+09,-4.35269e+11,1.49775e+10,-4.43785e+11
5.41000e+00,1.78249e+10,9.77462e+09,-4.35448e+11,1.47924e+10,-4.43970e+11
5.42000e+00,1.76522e+10,9.59724e+09,-4.35625e+11,1.46095e+10,-4.44153e+11
5.43000e+00,1.74796e+10,9.42158e+09,-4.35801e+11,1.44289e+10,-4.44333e+11
5.44000e+00,1.73070e+10,9.24764e+09,-4.35975e+11,1.42504e+10,-4.44512e+11
5.45000e+00,1.71343e+10,9.07544e+09,-4.36147e+11,1.40742e+10,-4.44688e+11
5.46000e+00,1.69617e+10,8.90496e+09,-4.36318e+11,1.39002e+10,-4.44862e+11
5.47000e+00,1.67891e+10,8.73620e+09,-4.36486e+11,1.37285e+10,-4.45034e+11
5.48000e+00,1.66164e+10,8.56918e+09,-4.36653e+11,1.35589e+10,-4.45203e+11
5.49000e+00,1.64438e+10,8.40387e+09,-4.36819e+11,1.33916e+10,-4.45370e+11
5.50000e+00,1.62712e+10,8.24030e+09,-4.36982e+11,1.32265e+10,-4.45536e+11
5.51000e+00,1.60986e+10,8.07845e+09,-4.37144e+11,1.30632e+10,-4.45699e+11
5.52000e+00,1.59259e+10,7.91833e+09,-4.37304e+11,1.29012e+10,-4.45861e+11
5.53000e+00,1.57533e+10,7.75993e+09,-4.37463e+11,1.27407e+10,-4.46021e+11
5.54000e+00,1.55807e+10,7.60326e+09,-4.37619e+11,1.25815e+10,-4.46181e+11
5.55000e+00,1.54080e+10,7.44832e+09,-4.37774e+11,1.24238e+10,-4.46338e+11
5.56000e+00,1.52354e+10,7.29510e+09,-4.37927e+11,1.22674e+10,-4.46495e+11
5.57000e+00,1.50628e+10,7.14361e+09,-4.38079e+11,1.21124e+10,-4.46650e+11
5.58000e+00,1.48901e+10,6.99385e+09,-4.38229e+11,1.19588e+10,-4.46803e+11
5.59000e+00,1.47175e+10,6.84581e+09,-4.38377e+11,1.18066e+10,-4.46955e+11
5.60000e+00,1.45449e+10,6.69950e+09,-4.38523e+11,1.16557e+10,-4.47106e+11
5.61000e+00,1.43723e+10,6.55491e+09,-4.38668e+11,1.15063e+10,-4.47256e+11
5.62000e+00,1.41996e+10,6.41205e+09,-4.38810e+11,1.13582e+10,-4.47404e+11
5.63000e+00,1.39996e+10,6.27106e+09,-4.38951e+11,1.12116e+10,-4.47551e+11
5.64000e+00,1.37996e+10,6.13206e+09,-4.39090e+11,1.10663e+10,-4.47696e+11
5.65000e+00,1.35996e+10,5.99506e+09,-4.39227e+11,1.09224e+10,-4.47840e+11
5.66000e+00,1.33996e+10,5.86007e+09,-4.39362e+11,1.07799e+10,-4.47982e+11
5.67000e+00,1.31996e+10,5.72707e+09,-4.39495e+11,1.06387e+10,-4.48123e+11
5.68000e+00,1.29996e+10,5.59608e+09,-4.39626e+11,1.04990e+10,-4.48263e+11
5.69000e+00,1.27996e+10,5.46708e+09,-4.39755e+11,1.03606e+10,-4.48401e+11
5.70000e+00,1.25996e+10,5.34008e+09,-4.39882e+11,1.02237e+10,-4.48538e+11
5.71000e+00,1.23996e+10,5.21509e+09,-4.40007e+11,1.00881e+10,-4.48674e+11
5.72000e+00,1.21996e+10,5.09209e+09,-4.40130e+11,9.95388e+09,-4.48808e+11
5.73000e+00,1.19996e+10,4.97110e+09,-4.40251e+11,9.82106e+09,-4.48941e+11
5.74000e+00,1.17996e+10,4.85210e+09,-4.40370e+11,9.68961e+09,-4.49072e+11
5.75000e+00,1.15996e+10,4.73510e+09,-4.40487e+11,9.55955e+09,-4.49203e+11
5.76000e+00,1.13996e+10,4.62011e+09,-4.40602e+11,9.43086e+09,-4.49331e+11
5.77000e+00,1.11996e+10,4.50711e+09,-4.40715e+11,9.30356e+09,-4.49459e+11
5.78000e+00,1.09996e+10,4.39612e+09,-4.40826e+11,9.17764e+09,-4.49584e+11
5.79000e+00,1.07996e+10,4.28712e+09,-4.40935e+11,9.05309e+09,-4.49709e+11
5.80000e+00,1.05996e+10,4.18012e+09,-4.41042e+11,8.92993e+09,-4.49832e+11
5.81000e+00,1.03996e+10,4.07513e+09,-4.41147e+11,8.80814e+09,-4.49954e+11
5.82000e+00,1.01996e+10,3.97213e+09,-4.41250e+11,8.68773e+09,-4.50074e+11
5.83000e+00,9.99960e+09,3.87114e+09,-4.41351e+11,8.56869e+09,-4.50193e+11
5.84000e+00,9.79961e+09,3.77214e+09,-4.41450e+11,8.45102e+09,-4.50311e+11
5.85000e+00,9.59961e+09,3.67514e+09,-4.41547e+11,8.33473e+09,-4.50427e+11
5.86000e+00,9.39961e+09,3.58015e+09,-4.41642e+11,8.21981e+09,-4.50542e+11
5.87000e+00,9.19961e+09,3.48715e+09,-4.41735e+11,8.10627e+09,-4.50656e+11
5.88000e+00,8.99961e+09,3.39616e+09,-4.41826e+11,7.99410e+09,-4.50768e+11
5.89000e+00,8.79961e+09,3.30716e+09,-4.41915e+11,7.88330e+09,-4.50879e+11
5.90000e+00,8.59961e+09,3.22016e+09,-4.42002e+11,7.77388e+09,-4.50988e+11
5.91000e+00,8.39961e+09,3.13517e+09,-4.42087e+11,7.66583e+09,-4.51096e+11
5.92000e+00,8.19961e+09,3.05217e+09,-4.42170e+11,7.55915e+09,-4.51203e+11
5.93000e+00,7.99962e+09,2.97118e+09,-4.42251e+11,7.45385e+09,-4.51308e+11
5.94000e+00,7.79962e+09,2.89218e+09,-4.42330e+11,7.34992e+09,-4.51412e+11
5.95000e+00,7.59962e+09,2.81518e+09,-4.42407e+11,7.24736e+09,-4.51515e+11
5.96000e+00,7.39962e+09,2.74019e+09,-4.42482e+11,7.14618e+09,-4.51616e+11
5.97000e+00,7.19962e+09,2.66719e+09,-4.42555e+11,7.04638e+09,-4.51716e+11
5.98000e+00,6.99962e+09,2.59619e+09,-4.42626e+11,6.94794e+09,-4.51814e+11
5.99000e+00,6.79962e+09,2.52720e+09,-4.42695e+11,6.85088e+09,-4.51911e+11
6.00000e+00,6.59962e+09,2.46020e+09,-4.42762e+11,6.75520e+09,-4.52007e+11
6.01000e+00,6.39962e+09,2.39521e+09,-4.42827e+11,6.66074e+09,-4.52101e+11
6.02000e+00,6.19962e+09,2.33221e+09,-4.42890e+11,6.56736e+09,-4.52195e+11
6.03000e+00,5.99963e+09,2.27121e+09,-4.42951e+11,6.47507e+09,-4.52287e+11
6.04000e+00,5.79963e+09,2.21222e+09,-4.43010e+11,6.38386e+09,-4.52378e+11
6.05000e+00,5.59963e+09,2.15522e+09,-4.43067e+11,6.29373e+09,-4.52468e+11
6.06000e+00,5.39963e+09,2.10022e+09,-4.43122e+11,6.20468e+09,-4.52557e+11
6.07000e+00,5.19963e+09,2.04723e+09,-4.43175e+11,6.11672e+09,-4.52645e+11
6.08000e+00,4.99963e+09,1.99623e+09,-4.43226e+11,6.02984e+09,-4.52732e+11
6.09000e+00,4.79963e+09,1.94724e+09,-4.43275e+11,5.94405e+09,-4.52818e+11
6.10000e+00,4.59963e+09,1.90024e+09,-4.43322e+11,5.85933e+09,-4.52903e+11
6.11000e+00,4.39963e+09,1.85524e+09,-4.43367e+11,5.77570e+09,-4.52986e+11
6.12000e+00,4.19964e+09,1.81225e+09,-4.43410e+11,5.69315e+09,-4.53069e+11
6.13000e+00,3.99964e+09,1.77125e+09,-4.43451e+11,5.61168e+09,-4.53150e+11
6.14000e+00,3.79964e+09,1.73225e+09,-4.43490e+11,5.53130e+09,-4.53231e+11
6.15000e+00,3.59964e+09,1.69526e+09,-4.43527e+11,5.45200e+09,-4.53310e+11
6.16000e+00,3.39964e+09,1.66026e+09,-4.43562e+11,5.37378e+09,-4.53388e+11
6.17000e+00,3.19964e+09,1.62726e+09,-4.43595e+11,5.29664e+09,-4.53465e+11
6.18000e+00,2.99964e+09,1.59627e+09,-4.43626e+11,5.22059e+09,-4.53541e+11
6.19000e+00,2.79964e+09,1.56727e+09,-4.43655e+11,5.14562e+09,-4.53616e+11
6.20000e+00,2.59964e+09,1.54028e+09,-4.43682e+11,5.07173e+09,-4.53690e+11
6.21000e+00,2.39964e+09,1.51528e+09,-4.43707e+11,4.99881e+09,-4.53763e+11
6.22000e+00,2.19965e+09,1.49228e+09,-4.43730e+11,4.92676e+09,-4.53835e+11
6.23000e+00,1.99965e+09,1.47129e+09,-4.43751e+11,4.85557e+09,-4.53906e+11
6.24000e+00,1.79965e+09,1.45229e+09,-4.43770e+11,4.78524e+09,-4.53977e+11
6.25000e+00,1.69296e+09,1.43507e+09,-4.43787e+11,4.71578e+09,-4.54046e+11
6.26000e+00,1.69067e+09,1.41815e+09,-4.43804e+11,4.64718e+09,-4.54115e+11
6.27000e+00,1.68837e+09,1.40126e+09,-4.43821e+11,4.57944e+09,-4.54183e+11
6.28000e+00,1.68608e+09,1.38439e+09,-4.43838e+11,4.51256e+09,-4.54250e+11
6.29000e+00,1.68379e+09,1.36754e+09,-4.43855e+11,4.44655e+09,-4.54316e+11
6.30000e+00,1.68149e+09,1.35071e+09,-4.43872e+11,4.38140e+09,-4.54381e+11
6.31000e+00,1.67920e+09,1.33391e+09,-4.43889e+11,4.31700e+09,-4.54445e+11
6.32000e+00,1.67691e+09,1.31713e+09,-4.43905e+11,4.25324e+09,-4.54509e+11
6.33000e+00,1.67462e+09,1.30037e+09,-4.43922e+11,4.19013e+09,-4.54572e+11
6.34000e+00,1.67232e+09,1.28364e+09,-4.43939e+11,4.12766e+09,-4.54634e+11
6.35000e+00,1.67003e+09,1.26692e+09,-4.43956e+11,4.06583e+09,-4.54696e+11
6.36000e+00,1.66774e+09,1.25023e+09,-4.43972e+11,4.00464e+09,-4.54757e+11
6.37000e+00,1.66544e+09,1.23357e+09,-4.43989e+11,3.94410e+09,-4.54818e+11
6.38000e+00,1.66315e+09,1.21693e+09,-4.44006e+11,3.88420e+09,-4.54878e+11
6.39000e+00,1.66086e+09,1.20031e+09,-4.44022e+11,3.82494e+09,-4.54937e+11
6.40000e+00,1.65856e+09,1.18371e+09,-4.44039e+11,3.76633e+09,-4.54996e+11
6.41000e+00,1.65627e+09,1.16713e+09,-4.44055e+11,3.70836e+09,-4.55054e+11
6.42000e+00,1.65398e+09,1.15058e+09,-4.44072e+11,3.65103e+09,-4.55111e+11
6.43000e+00,1.65168e+09,1.13406e+09,-4.44088e+11,3.59434e+09,-4.55168e+11
6.44000e+00,1.64939e+09,1.11755e+09,-4.44105e+11,3.53830e+09,-4.55224e+11
6.45000e+00,1.64710e+09,1.10107e+09,-4.44121e+11,3.48290e+09,-4.55279e+11
6.46000e+00,1.64480e+09,1.08461e+09,-4.44138e+11,3.42814e+09,-4.55334e+11
6.47000e+00,1.64251e+09,1.06817e+09,-4.44154e+11,3.37403e+09,-4.55388e+11
6.48000e+00,1.64022e+09,1.05176e+09,-4.44171e+11,3.32055e+09,-4.55442e+11
6.49000e+00,1.63792e+09,1.03537e+09,-4.44187e+11,3.26772e+09,-4.55494e+11
6.50000e+00,1.63563e+09,1.01900e+09,-4.44203e+11,3.21554e+09,-4.55547e+11
6.51000e+00,1.63334e+09,1.00265e+09,-4.44220e+11,3.16392e+09,-4.55598e+11
6.52000e+00,1.63104e+09,9.86332e+08,-4.44236e+11,3.11279e+09,-4.55649e+11
6.53000e+00,1.62875e+09,9.70034e+08,-4.44252e+11,3.06215e+09,-4.55700e+11
6.54000e+00,1.62646e+09,9.53758e+08,-4.44269e+11,3.01200e+09,-4.55750e+11
6.55000e+00,1.62416e+09,9.37504e+08,-4.44285e+11,2.96234e+09,-4.55800e+11
6.56000e+00,1.62187e+09,9.21274e+08,-4.44301e+11,2.91316e+09,-4.55849e+11
6.57000e+00,1.61958e+09,9.05067e+08,-4.44317e+11,2.86448e+09,-4.55898e+11
6.58000e+00,1.61728e+09,8.88883e+08,-4.44334e+11,2.81629e+09,-4.55946e+11
6.59000e+00,1.61499e+09,8.72721e+08,-4.44350e+11,2.76859e+09,-4.55993e+11
6.60000e+00,1.61270e+09,8.56583e+08,-4.44366e+11,2.72138e+09,-4.56041e+11
6.61000e+00,1.61040e+09,8.40467e+08,-4.44382e+11,2.67466e+09,-4.56087e+11
6.62000e+00,1.60811e+09,8.24375e+08,-4.44398e+11,2.62843e+09,-4.56134e+11
6.63000e+00,1.60582e+09,8.08305e+08,-4.44414e+11,2.58269e+09,-4.56179e+11
6.64000e+00,1.60352e+09,7.92259e+08,-4.44430e+11,2.53744e+09,-4.56225e+11
6.65000e+00,1.60123e+09,7.76235e+08,-4.44446e+11,2.49268e+09,-4.56269e+11
6.66000e+00,1.59894e+09,7.60234e+08,-4.44462e+11,2.44841e+09,-4.56314e+11
6.67000e+00,1.59664e+09,7.44256e+08,-4.44478e+11,2.40463e+09,-4.56357e+11
6.68000e+00,1.59435e+09,7.28301e+08,-4.44494e+11,2.36134e+09,-4.56401e+11
6.69000e+00,1.59206e+09,7.12369e+08,-4.44510e+11,2.31855e+09,-4.56444e+11
6.70000e+00,1.58976e+09,6.96460e+08,-4.44526e+11,2.27624e+09,-4.56486e+11
6.71000e+00,1.58747e+09,6.80574e+08,-4.44542e+11,2.23441e+09,-4.56528e+11
6.72000e+00,1.58518e+09,6.64711e+08,-4.44558e+11,2.19307e+09,-4.56569e+11
6.73000e+00,1.58288e+09,6.48870e+08,-4.44574e+11,2.15220e+09,-4.56610e+11
6.74000e+00,1.58059e+09,6.33053e+08,-4.44589e+11,2.11182e+09,-4.56650e+11
6.75000e+00,1.57830e+09,6.17259e+08,-4.44605e+11,2.07191e+09,-4.56690e+11
6.76000e+00,1.57600e+09,6.01487e+08,-4.44621e+11,2.03248e+09,-4.56730e+11
6.77000e+00,1.57371e+09,5.85739e+08,-4.44637e+11,1.99354e+09,-4.56769e+11
6.78000e+00,1.57142e+09,5.70013e+08,-4.44652e+11,1.95507e+09,-4.56807e+11
6.79000e+00,1.56912e+09,5.54310e+08,-4.44668e+11,1.91708e+09,-4.56845e+11
6.80000e+00,1.56683e+09,5.38630e+08,-4.44684e+11,1.87957e+09,-4.56882e+11
6.81000e+00,1.56454e+09,5.22974e+08,-4.44700e+11,1.84254e+09,-4.56920e+11
6.82000e+00,1.56224e+09,5.07340e+08,-4.44715e+11,1.80598e+09,-4.56956e+11
6.83000e+00,1.55995e+09,4.91729e+08,-4.44731e+11,1.76988e+09,-4.56992e+11
6.84000e+00,1.55766e+09,4.76141e+08,-4.44746e+11,1.73426e+09,-4.57028e+11
6.85000e+00,1.55536e+09,4.60576e+08,-4.44762e+11,1.69910e+09,-4.57063e+11
6.86000e+00,1.55307e+09,4.45034e+08,-4.44777e+11,1.66442e+09,-4.57098e+11
6.87000e+00,1.55078e+09,4.29514e+08,-4.44793e+11,1.63020e+09,-4.57132e+11
6.88000e+00,1.54848e+09,4.14018e+08,-4.44808e+11,1.59645e+09,-4.57166e+11
6.89000e+00,1.54619e+09,3.98545e+08,-4.44824e+11,1.56317e+09,-4.57199e+11
6.90000e+00,1.54390e+09,3.83094e+08,-4.44839e+11,1.53036e+09,-4.57232e+11
6.91000e+00,1.54160e+09,3.67667e+08,-4.44855e+11,1.49802e+09,-4.57264e+11
6.92000e+00,1.53931e+09,3.52262e+08,-4.44870e+11,1.46615e+09,-4.57296e+11
6.93000e+00,1.53702e+09,3.36880e+08,-4.44886e+11,1.43475e+09,-4.57327e+11
6.94000e+00,1.53472e+09,3.21522e+08,-4.44901e+11,1.40382e+09,-4.57358e+11
6.95000e+00,1.53243e+09,3.06186e+08,-4.44916e+11,1.37336e+09,-4.57389e+11
6.96000e+00,1.53014e+09,2.90873e+08,-4.44932e+11,1.34337e+09,-4.57419e+11
6.97000e+00,1.52784e+09,2.75583e+08,-4.44947e+11,1.31384e+09,-4.57448e+11
6.98000e+00,1.52555e+09,2.60316e+08,-4.44962e+11,1.28479e+09,-4.57477e+11
6.99000e+00,1.52326e+09,2.45072e+08,-4.44977e+11,1.25620e+09,-4.57506e+11
7.00000e+00,1.52096e+09,2.29851e+08,-4.44993e+11,1.22809e+09,-4.57534e+11
