# ER_lo_eV,ER_hi_eV,Ntot_solid,N_Elt2_solid,h_Egt2_solid,Ntot_dashed,N_Elt2_dashed,h_Egt2_dashed  [counts/(kg yr) per bin; direct formula Eq.(1)-(4), no resolution, fig1 79pt]
1.0000,3.0000,344.7273,243.0842,101.6430,307.3386,205.6956,101.6430
3.0000,5.0000,299.7147,198.9688,100.7458,277.0627,176.3168,100.7458
5.0000,7.0000,271.2455,171.3968,99.8487,254.9671,155.1183,99.8487
7.0000,9.0000,250.2840,151.3323,98.9517,237.3100,138.3583,98.9517
9.0000,11.0000,233.2902,135.2354,98.0548,222.5949,124.5401,98.0548
11.0000,13.0000,218.8959,121.7380,97.1579,209.9751,112.8173,97.1579
13.0000,15.0000,206.4027,110.1417,96.2611,198.9389,102.6779,96.2611
15.0000,17.0000,195.3872,100.0229,95.3643,189.1535,93.7892,95.3643
17.0000,19.0000,185.5625,91.0949,94.4677,180.3838,85.9161,94.4677
19.0000,21.0000,176.7234,83.1523,93.5711,172.4565,78.8854,93.5711
21.0000,23.0000,168.7142,76.0396,92.6745,165.2393,72.5648,92.6745
23.0000,25.0000,161.4130,69.6349,91.7781,158.6279,66.8498,91.7781
25.0000,27.0000,154.7248,63.8431,90.8817,152.5399,61.6581,90.8817
27.0000,29.0000,148.5774,58.5920,89.9854,146.9089,56.9234,89.9854
29.0000,31.0000,142.9131,53.8239,89.0892,141.6808,52.5916,89.0892
31.0000,33.0000,137.6830,49.4899,88.1930,136.8104,48.6173,88.1930
33.0000,35.0000,132.8448,45.5479,87.2970,132.2580,44.9611,87.2970
35.0000,37.0000,128.3622,41.9612,86.4010,127.9900,41.5891,86.4010
37.0000,39.0000,124.2009,38.6958,85.5050,123.9775,38.4725,85.5050
39.0000,41.0000,120.3225,35.7133,84.6092,120.1958,35.5866,84.6092
41.0000,43.0000,116.6906,32.9772,83.7134,116.6234,32.9100,83.7134
43.0000,45.0000,113.2739,30.4562,82.8177,113.2415,30.4238,82.8177
45.0000,47.0000,110.0472,28.1252,81.9220,110.0337,28.1116,81.9220
47.0000,49.0000,106.9903,25.9639,81.0264,106.9854,25.9590,81.0264
49.0000,51.0000,104.0857,23.9548,80.1309,104.0838,23.9529,80.1309
51.0000,56.0000,248.3785,51.9685,196.4100,248.3774,51.9674,196.4100
56.0000,61.0000,232.9137,42.0990,190.8148,232.9137,42.0990,190.8148
61.0000,66.0000,218.9941,33.7735,185.2206,218.9941,33.7735,185.2206
66.0000,71.0000,206.3730,26.7454,179.6276,206.3730,26.7454,179.6276
71.0000,81.0000,379.1688,36.6879,342.4809,379.1688,36.6879,342.4809
81.0000,120.0000,1154.7310,32.6052,1122.1259,1154.7310,32.6052,1122.1259
